"unit","na_item","geo","time","values"
"CLV10_EUR_HAB","B1GQ","AL",2000,1700
"CLV10_EUR_HAB","B1GQ","AT",2000,31710
"CLV10_EUR_HAB","B1GQ","BE",2000,30300
"CLV10_EUR_HAB","B1GQ","BG",2000,3010
"CLV10_EUR_HAB","B1GQ","CH",2000,50770
"CLV10_EUR_HAB","B1GQ","CY",2000,20130
"CLV10_EUR_HAB","B1GQ","CZ",2000,11170
"CLV10_EUR_HAB","B1GQ","DE",2000,28900
"CLV10_EUR_HAB","B1GQ","DK",2000,42190
"CLV10_EUR_HAB","B1GQ","EA19",2000,26490
"CLV10_EUR_HAB","B1GQ","EE",2000,7570
"CLV10_EUR_HAB","B1GQ","EL",2000,17570
"CLV10_EUR_HAB","B1GQ","ES",2000,21460
"CLV10_EUR_HAB","B1GQ","EU28",2000,22940
"CLV10_EUR_HAB","B1GQ","FI",2000,30510
"CLV10_EUR_HAB","B1GQ","FR",2000,28930
"CLV10_EUR_HAB","B1GQ","HR",2000,7840
"CLV10_EUR_HAB","B1GQ","HU",2000,7900
"CLV10_EUR_HAB","B1GQ","IE",2000,33310
"CLV10_EUR_HAB","B1GQ","IS",2000,28290
"CLV10_EUR_HAB","B1GQ","IT",2000,27430
"CLV10_EUR_HAB","B1GQ","LT",2000,5230
"CLV10_EUR_HAB","B1GQ","LU",2000,70460
"CLV10_EUR_HAB","B1GQ","LV",2000,5210
"CLV10_EUR_HAB","B1GQ","MK",2000,2620
"CLV10_EUR_HAB","B1GQ","MT",2000,13830
"CLV10_EUR_HAB","B1GQ","NL",2000,35060
"CLV10_EUR_HAB","B1GQ","NO",2000,61660
"CLV10_EUR_HAB","B1GQ","PL",2000,6440
"CLV10_EUR_HAB","B1GQ","PT",2000,16230
"CLV10_EUR_HAB","B1GQ","RO",2000,
"CLV10_EUR_HAB","B1GQ","RS",2000,2650
"CLV10_EUR_HAB","B1GQ","SE",2000,33780
"CLV10_EUR_HAB","B1GQ","SI",2000,13980
"CLV10_EUR_HAB","B1GQ","SK",2000,7780
"CLV10_EUR_HAB","B1GQ","TR",2000,6100
"CLV10_EUR_HAB","B1GQ","UK",2000,26920
"CLV_PCH_PRE_HAB","B1GQ","AL",2000,7.7
"CLV_PCH_PRE_HAB","B1GQ","AT",2000,3.1
"CLV_PCH_PRE_HAB","B1GQ","BE",2000,3.4
"CLV_PCH_PRE_HAB","B1GQ","BG",2000,5.3
"CLV_PCH_PRE_HAB","B1GQ","CH",2000,3.4
"CLV_PCH_PRE_HAB","B1GQ","CY",2000,4.9
"CLV_PCH_PRE_HAB","B1GQ","CZ",2000,4.4
"CLV_PCH_PRE_HAB","B1GQ","DE",2000,2.9
"CLV_PCH_PRE_HAB","B1GQ","DK",2000,3.4
"CLV_PCH_PRE_HAB","B1GQ","EA19",2000,3.5
"CLV_PCH_PRE_HAB","B1GQ","EE",2000,8.4
"CLV_PCH_PRE_HAB","B1GQ","EL",2000,3.5
"CLV_PCH_PRE_HAB","B1GQ","ES",2000,4.8
"CLV_PCH_PRE_HAB","B1GQ","EU28",2000,3.6
"CLV_PCH_PRE_HAB","B1GQ","FI",2000,5.6
"CLV_PCH_PRE_HAB","B1GQ","FR",2000,3.2
"CLV_PCH_PRE_HAB","B1GQ","HR",2000,4.5
"CLV_PCH_PRE_HAB","B1GQ","HU",2000,4.8
"CLV_PCH_PRE_HAB","B1GQ","IE",2000,8
"CLV_PCH_PRE_HAB","B1GQ","IS",2000,3.4
"CLV_PCH_PRE_HAB","B1GQ","IT",2000,3.7
"CLV_PCH_PRE_HAB","B1GQ","LT",2000,4.6
"CLV_PCH_PRE_HAB","B1GQ","LU",2000,6.8
"CLV_PCH_PRE_HAB","B1GQ","LV",2000,6.6
"CLV_PCH_PRE_HAB","B1GQ","NL",2000,3.4
"CLV_PCH_PRE_HAB","B1GQ","NO",2000,2.5
"CLV_PCH_PRE_HAB","B1GQ","PL",2000,4.6
"CLV_PCH_PRE_HAB","B1GQ","PT",2000,3.1
"CLV_PCH_PRE_HAB","B1GQ","RO",2000,
"CLV_PCH_PRE_HAB","B1GQ","RS",2000,6.5
"CLV_PCH_PRE_HAB","B1GQ","SE",2000,4.7
"CLV_PCH_PRE_HAB","B1GQ","SI",2000,3.4
"CLV_PCH_PRE_HAB","B1GQ","SK",2000,1.1
"CLV_PCH_PRE_HAB","B1GQ","TR",2000,5.1
"CLV_PCH_PRE_HAB","B1GQ","UK",2000,3.1
"CLV10_EUR_HAB","B1GQ","AL",2001,1850
"CLV10_EUR_HAB","B1GQ","AT",2001,31990
"CLV10_EUR_HAB","B1GQ","BE",2001,30500
"CLV10_EUR_HAB","B1GQ","BG",2001,3230
"CLV10_EUR_HAB","B1GQ","CH",2001,51220
"CLV10_EUR_HAB","B1GQ","CY",2001,20700
"CLV10_EUR_HAB","B1GQ","CZ",2001,11540
"CLV10_EUR_HAB","B1GQ","DE",2001,29370
"CLV10_EUR_HAB","B1GQ","DK",2001,42390
"CLV10_EUR_HAB","B1GQ","EA19",2001,26970
"CLV10_EUR_HAB","B1GQ","EE",2001,8070
"CLV10_EUR_HAB","B1GQ","EL",2001,18210
"CLV10_EUR_HAB","B1GQ","ES",2001,22190
"CLV10_EUR_HAB","B1GQ","EU28",2001,23410
"CLV10_EUR_HAB","B1GQ","FI",2001,31230
"CLV10_EUR_HAB","B1GQ","FR",2001,29290
"CLV10_EUR_HAB","B1GQ","HR",2001,8500
"CLV10_EUR_HAB","B1GQ","HU",2001,8240
"CLV10_EUR_HAB","B1GQ","IE",2001,34520
"CLV10_EUR_HAB","B1GQ","IS",2001,28990
"CLV10_EUR_HAB","B1GQ","IT",2001,27950
"CLV10_EUR_HAB","B1GQ","LT",2001,5620
"CLV10_EUR_HAB","B1GQ","LU",2001,71440
"CLV10_EUR_HAB","B1GQ","LV",2001,5610
"CLV10_EUR_HAB","B1GQ","MK",2001,2530
"CLV10_EUR_HAB","B1GQ","MT",2001,13800
"CLV10_EUR_HAB","B1GQ","NL",2001,35610
"CLV10_EUR_HAB","B1GQ","NO",2001,62620
"CLV10_EUR_HAB","B1GQ","PL",2001,6520
"CLV10_EUR_HAB","B1GQ","PT",2001,16430
"CLV10_EUR_HAB","B1GQ","RO",2001,
"CLV10_EUR_HAB","B1GQ","RS",2001,2840
"CLV10_EUR_HAB","B1GQ","SE",2001,34180
"CLV10_EUR_HAB","B1GQ","SI",2001,14410
"CLV10_EUR_HAB","B1GQ","SK",2001,8060
"CLV10_EUR_HAB","B1GQ","TR",2001,5700
"CLV10_EUR_HAB","B1GQ","UK",2001,27610
"CLV_PCH_PRE_HAB","B1GQ","AL",2001,8.9
"CLV_PCH_PRE_HAB","B1GQ","AT",2001,0.9
"CLV_PCH_PRE_HAB","B1GQ","BE",2001,0.5
"CLV_PCH_PRE_HAB","B1GQ","BG",2001,7.2
"CLV_PCH_PRE_HAB","B1GQ","CH",2001,0.9
"CLV_PCH_PRE_HAB","B1GQ","CY",2001,2.8
"CLV_PCH_PRE_HAB","B1GQ","CZ",2001,3.4
"CLV_PCH_PRE_HAB","B1GQ","DE",2001,1.6
"CLV_PCH_PRE_HAB","B1GQ","DK",2001,0.5
"CLV_PCH_PRE_HAB","B1GQ","EA19",2001,1.8
"CLV_PCH_PRE_HAB","B1GQ","EE",2001,6.6
"CLV_PCH_PRE_HAB","B1GQ","EL",2001,3.6
"CLV_PCH_PRE_HAB","B1GQ","ES",2001,3.4
"CLV_PCH_PRE_HAB","B1GQ","EU28",2001,2
"CLV_PCH_PRE_HAB","B1GQ","FI",2001,2.4
"CLV_PCH_PRE_HAB","B1GQ","FR",2001,1.2
"CLV_PCH_PRE_HAB","B1GQ","HR",2001,8.3
"CLV_PCH_PRE_HAB","B1GQ","HU",2001,4.3
"CLV_PCH_PRE_HAB","B1GQ","IE",2001,3.7
"CLV_PCH_PRE_HAB","B1GQ","IS",2001,2.5
"CLV_PCH_PRE_HAB","B1GQ","IT",2001,1.9
"CLV_PCH_PRE_HAB","B1GQ","LT",2001,7.4
"CLV_PCH_PRE_HAB","B1GQ","LU",2001,1.4
"CLV_PCH_PRE_HAB","B1GQ","LV",2001,7.7
"CLV_PCH_PRE_HAB","B1GQ","MK",2001,-3.5
"CLV_PCH_PRE_HAB","B1GQ","MT",2001,-0.2
"CLV_PCH_PRE_HAB","B1GQ","NL",2001,1.6
"CLV_PCH_PRE_HAB","B1GQ","NO",2001,1.6
"CLV_PCH_PRE_HAB","B1GQ","PL",2001,1.3
"CLV_PCH_PRE_HAB","B1GQ","PT",2001,1.2
"CLV_PCH_PRE_HAB","B1GQ","RO",2001,
"CLV_PCH_PRE_HAB","B1GQ","RS",2001,7.1
"CLV_PCH_PRE_HAB","B1GQ","SE",2001,1.2
"CLV_PCH_PRE_HAB","B1GQ","SI",2001,3.1
"CLV_PCH_PRE_HAB","B1GQ","SK",2001,3.7
"CLV_PCH_PRE_HAB","B1GQ","TR",2001,-7.3
"CLV_PCH_PRE_HAB","B1GQ","UK",2001,2.6
"CLV10_EUR_HAB","B1GQ","AL",2002,1940
"CLV10_EUR_HAB","B1GQ","AT",2002,32360
"CLV10_EUR_HAB","B1GQ","BE",2002,30900
"CLV10_EUR_HAB","B1GQ","BG",2002,3440
"CLV10_EUR_HAB","B1GQ","CH",2002,50930
"CLV10_EUR_HAB","B1GQ","CY",2002,21230
"CLV10_EUR_HAB","B1GQ","CZ",2002,11760
"CLV10_EUR_HAB","B1GQ","DE",2002,29290
"CLV10_EUR_HAB","B1GQ","DK",2002,42430
"CLV10_EUR_HAB","B1GQ","EA19",2002,27080
"CLV10_EUR_HAB","B1GQ","EE",2002,8680
"CLV10_EUR_HAB","B1GQ","EL",2002,18850
"CLV10_EUR_HAB","B1GQ","ES",2002,22430
"CLV10_EUR_HAB","B1GQ","EU28",2002,23660
"CLV10_EUR_HAB","B1GQ","FI",2002,31690
"CLV10_EUR_HAB","B1GQ","FR",2002,29410
"CLV10_EUR_HAB","B1GQ","HR",2002,8920
"CLV10_EUR_HAB","B1GQ","HU",2002,8660
"CLV10_EUR_HAB","B1GQ","IE",2002,35930
"CLV10_EUR_HAB","B1GQ","IS",2002,28940
"CLV10_EUR_HAB","B1GQ","IT",2002,27960
"CLV10_EUR_HAB","B1GQ","LT",2002,6050
"CLV10_EUR_HAB","B1GQ","LU",2002,73380
"CLV10_EUR_HAB","B1GQ","LV",2002,6080
"CLV10_EUR_HAB","B1GQ","MK",2002,2580
"CLV10_EUR_HAB","B1GQ","MT",2002,14110
"CLV10_EUR_HAB","B1GQ","NL",2002,35460
"CLV10_EUR_HAB","B1GQ","NO",2002,63190
"CLV10_EUR_HAB","B1GQ","PL",2002,6650
"CLV10_EUR_HAB","B1GQ","PT",2002,16470
"CLV10_EUR_HAB","B1GQ","RO",2002,4250
"CLV10_EUR_HAB","B1GQ","RS",2002,3020
"CLV10_EUR_HAB","B1GQ","SE",2002,34820
"CLV10_EUR_HAB","B1GQ","SI",2002,14900
"CLV10_EUR_HAB","B1GQ","SK",2002,8420
"CLV10_EUR_HAB","B1GQ","TR",2002,5900
"CLV10_EUR_HAB","B1GQ","UK",2002,28130
"CLV_PCH_PRE_HAB","B1GQ","AL",2002,4.9
"CLV_PCH_PRE_HAB","B1GQ","AT",2002,1.2
"CLV_PCH_PRE_HAB","B1GQ","BE",2002,1.3
"CLV_PCH_PRE_HAB","B1GQ","BG",2002,6.6
"CLV_PCH_PRE_HAB","B1GQ","CH",2002,-0.6
"CLV_PCH_PRE_HAB","B1GQ","CY",2002,2.5
"CLV_PCH_PRE_HAB","B1GQ","CZ",2002,1.9
"CLV_PCH_PRE_HAB","B1GQ","DE",2002,-0.3
"CLV_PCH_PRE_HAB","B1GQ","DK",2002,0.1
"CLV_PCH_PRE_HAB","B1GQ","EA19",2002,0.4
"CLV_PCH_PRE_HAB","B1GQ","EE",2002,7.5
"CLV_PCH_PRE_HAB","B1GQ","EL",2002,3.5
"CLV_PCH_PRE_HAB","B1GQ","ES",2002,1.1
"CLV_PCH_PRE_HAB","B1GQ","EU28",2002,1.1
"CLV_PCH_PRE_HAB","B1GQ","FI",2002,1.5
"CLV_PCH_PRE_HAB","B1GQ","FR",2002,0.4
"CLV_PCH_PRE_HAB","B1GQ","HR",2002,5
"CLV_PCH_PRE_HAB","B1GQ","HU",2002,5
"CLV_PCH_PRE_HAB","B1GQ","IE",2002,4.1
"CLV_PCH_PRE_HAB","B1GQ","IS",2002,-0.2
"CLV_PCH_PRE_HAB","B1GQ","IT",2002,0
"CLV_PCH_PRE_HAB","B1GQ","LT",2002,7.6
"CLV_PCH_PRE_HAB","B1GQ","LU",2002,2.7
"CLV_PCH_PRE_HAB","B1GQ","LV",2002,8.4
"CLV_PCH_PRE_HAB","B1GQ","MK",2002,2.2
"CLV_PCH_PRE_HAB","B1GQ","MT",2002,2.2
"CLV_PCH_PRE_HAB","B1GQ","NL",2002,-0.4
"CLV_PCH_PRE_HAB","B1GQ","NO",2002,0.9
"CLV_PCH_PRE_HAB","B1GQ","PL",2002,2.1
"CLV_PCH_PRE_HAB","B1GQ","PT",2002,0.2
"CLV_PCH_PRE_HAB","B1GQ","RO",2002,
"CLV_PCH_PRE_HAB","B1GQ","RS",2002,6.4
"CLV_PCH_PRE_HAB","B1GQ","SE",2002,1.9
"CLV_PCH_PRE_HAB","B1GQ","SI",2002,3.3
"CLV_PCH_PRE_HAB","B1GQ","SK",2002,4.5
"CLV_PCH_PRE_HAB","B1GQ","TR",2002,5.1
"CLV_PCH_PRE_HAB","B1GQ","UK",2002,1.9
"CLV10_EUR_HAB","B1GQ","AL",2003,2060
"CLV10_EUR_HAB","B1GQ","AT",2003,32520
"CLV10_EUR_HAB","B1GQ","BE",2003,31000
"CLV10_EUR_HAB","B1GQ","BG",2003,3640
"CLV10_EUR_HAB","B1GQ","CH",2003,50580
"CLV10_EUR_HAB","B1GQ","CY",2003,21520
"CLV10_EUR_HAB","B1GQ","CZ",2003,12180
"CLV10_EUR_HAB","B1GQ","DE",2003,29090
"CLV10_EUR_HAB","B1GQ","DK",2003,42490
"CLV10_EUR_HAB","B1GQ","EA19",2003,27110
"CLV10_EUR_HAB","B1GQ","EE",2003,9390
"CLV10_EUR_HAB","B1GQ","EL",2003,19890
"CLV10_EUR_HAB","B1GQ","ES",2003,22680
"CLV10_EUR_HAB","B1GQ","EU28",2003,23880
"CLV10_EUR_HAB","B1GQ","FI",2003,32250
"CLV10_EUR_HAB","B1GQ","FR",2003,29440
"CLV10_EUR_HAB","B1GQ","HR",2003,9420
"CLV10_EUR_HAB","B1GQ","HU",2003,9040
"CLV10_EUR_HAB","B1GQ","IE",2003,36420
"CLV10_EUR_HAB","B1GQ","IS",2003,29420
"CLV10_EUR_HAB","B1GQ","IT",2003,27850
"CLV10_EUR_HAB","B1GQ","LT",2003,6740
"CLV10_EUR_HAB","B1GQ","LU",2003,73650
"CLV10_EUR_HAB","B1GQ","LV",2003,6660
"CLV10_EUR_HAB","B1GQ","MK",2003,2630
"CLV10_EUR_HAB","B1GQ","MT",2003,14370
"CLV10_EUR_HAB","B1GQ","NL",2003,35350
"CLV10_EUR_HAB","B1GQ","NO",2003,63380
"CLV10_EUR_HAB","B1GQ","PL",2003,6900
"CLV10_EUR_HAB","B1GQ","PT",2003,16250
"CLV10_EUR_HAB","B1GQ","RO",2003,4370
"CLV10_EUR_HAB","B1GQ","RS",2003,3160
"CLV10_EUR_HAB","B1GQ","SE",2003,35470
"CLV10_EUR_HAB","B1GQ","SI",2003,15330
"CLV10_EUR_HAB","B1GQ","SK",2003,8890
"CLV10_EUR_HAB","B1GQ","TR",2003,6200
"CLV10_EUR_HAB","B1GQ","UK",2003,28920
"CLV_PCH_PRE_HAB","B1GQ","AL",2003,5.9
"CLV_PCH_PRE_HAB","B1GQ","AT",2003,0.5
"CLV_PCH_PRE_HAB","B1GQ","BE",2003,0.4
"CLV_PCH_PRE_HAB","B1GQ","BG",2003,5.8
"CLV_PCH_PRE_HAB","B1GQ","CH",2003,-0.7
"CLV_PCH_PRE_HAB","B1GQ","CY",2003,1.4
"CLV_PCH_PRE_HAB","B1GQ","CZ",2003,3.6
"CLV_PCH_PRE_HAB","B1GQ","DE",2003,-0.7
"CLV_PCH_PRE_HAB","B1GQ","DK",2003,0.1
"CLV_PCH_PRE_HAB","B1GQ","EA19",2003,0.1
"CLV_PCH_PRE_HAB","B1GQ","EE",2003,8.2
"CLV_PCH_PRE_HAB","B1GQ","EL",2003,5.5
"CLV_PCH_PRE_HAB","B1GQ","ES",2003,1.1
"CLV_PCH_PRE_HAB","B1GQ","EU28",2003,0.9
"CLV_PCH_PRE_HAB","B1GQ","FI",2003,1.8
"CLV_PCH_PRE_HAB","B1GQ","FR",2003,0.1
"CLV_PCH_PRE_HAB","B1GQ","HR",2003,5.6
"CLV_PCH_PRE_HAB","B1GQ","HU",2003,4.4
"CLV_PCH_PRE_HAB","B1GQ","IE",2003,1.3
"CLV_PCH_PRE_HAB","B1GQ","IS",2003,1.7
"CLV_PCH_PRE_HAB","B1GQ","IT",2003,-0.4
"CLV_PCH_PRE_HAB","B1GQ","LT",2003,11.4
"CLV_PCH_PRE_HAB","B1GQ","LU",2003,0.4
"CLV_PCH_PRE_HAB","B1GQ","LV",2003,9.5
"CLV_PCH_PRE_HAB","B1GQ","MK",2003,1.9
"CLV_PCH_PRE_HAB","B1GQ","MT",2003,1.9
"CLV_PCH_PRE_HAB","B1GQ","NL",2003,-0.3
"CLV_PCH_PRE_HAB","B1GQ","NO",2003,0.3
"CLV_PCH_PRE_HAB","B1GQ","PL",2003,3.7
"CLV_PCH_PRE_HAB","B1GQ","PT",2003,-1.3
"CLV_PCH_PRE_HAB","B1GQ","RO",2003,2.8
"CLV_PCH_PRE_HAB","B1GQ","RS",2003,4.7
"CLV_PCH_PRE_HAB","B1GQ","SE",2003,1.9
"CLV_PCH_PRE_HAB","B1GQ","SI",2003,2.9
"CLV_PCH_PRE_HAB","B1GQ","SK",2003,5.5
"CLV_PCH_PRE_HAB","B1GQ","TR",2003,4.4
"CLV_PCH_PRE_HAB","B1GQ","UK",2003,2.8
"CLV10_EUR_HAB","B1GQ","AL",2004,2180
"CLV10_EUR_HAB","B1GQ","AT",2004,33200
"CLV10_EUR_HAB","B1GQ","BE",2004,32000
"CLV10_EUR_HAB","B1GQ","BG",2004,3890
"CLV10_EUR_HAB","B1GQ","CH",2004,51630
"CLV10_EUR_HAB","B1GQ","CY",2004,22300
"CLV10_EUR_HAB","B1GQ","CZ",2004,12780
"CLV10_EUR_HAB","B1GQ","DE",2004,29470
"CLV10_EUR_HAB","B1GQ","DK",2004,43520
"CLV10_EUR_HAB","B1GQ","EA19",2004,27590
"CLV10_EUR_HAB","B1GQ","EE",2004,10090
"CLV10_EUR_HAB","B1GQ","EL",2004,20850
"CLV10_EUR_HAB","B1GQ","ES",2004,23020
"CLV10_EUR_HAB","B1GQ","EU28",2004,24390
"CLV10_EUR_HAB","B1GQ","FI",2004,33440
"CLV10_EUR_HAB","B1GQ","FR",2004,30050
"CLV10_EUR_HAB","B1GQ","HR",2004,9790
"CLV10_EUR_HAB","B1GQ","HU",2004,9490
"CLV10_EUR_HAB","B1GQ","IE",2004,38190
"CLV10_EUR_HAB","B1GQ","IS",2004,31420
"CLV10_EUR_HAB","B1GQ","IT",2004,28030
"CLV10_EUR_HAB","B1GQ","LT",2004,7260
"CLV10_EUR_HAB","B1GQ","LU",2004,75270
"CLV10_EUR_HAB","B1GQ","LV",2004,7290
"CLV10_EUR_HAB","B1GQ","MK",2004,2750
"CLV10_EUR_HAB","B1GQ","MT",2004,14340
"CLV10_EUR_HAB","B1GQ","NL",2004,35920
"CLV10_EUR_HAB","B1GQ","NO",2004,65510
"CLV10_EUR_HAB","B1GQ","PL",2004,7250
"CLV10_EUR_HAB","B1GQ","PT",2004,16500
"CLV10_EUR_HAB","B1GQ","RO",2004,4860
"CLV10_EUR_HAB","B1GQ","RS",2004,3460
"CLV10_EUR_HAB","B1GQ","SE",2004,36860
"CLV10_EUR_HAB","B1GQ","SI",2004,15990
"CLV10_EUR_HAB","B1GQ","SK",2004,9350
"CLV10_EUR_HAB","B1GQ","TR",2004,6700
"CLV10_EUR_HAB","B1GQ","UK",2004,29460
"CLV_PCH_PRE_HAB","B1GQ","AL",2004,6
"CLV_PCH_PRE_HAB","B1GQ","AT",2004,2.1
"CLV_PCH_PRE_HAB","B1GQ","BE",2004,3.2
"CLV_PCH_PRE_HAB","B1GQ","BG",2004,7
"CLV_PCH_PRE_HAB","B1GQ","CH",2004,2.1
"CLV_PCH_PRE_HAB","B1GQ","CY",2004,3.6
"CLV_PCH_PRE_HAB","B1GQ","CZ",2004,4.9
"CLV_PCH_PRE_HAB","B1GQ","DE",2004,1.3
"CLV_PCH_PRE_HAB","B1GQ","DK",2004,2.4
"CLV_PCH_PRE_HAB","B1GQ","EA19",2004,1.8
"CLV_PCH_PRE_HAB","B1GQ","EE",2004,7.5
"CLV_PCH_PRE_HAB","B1GQ","EL",2004,4.8
"CLV_PCH_PRE_HAB","B1GQ","ES",2004,1.5
"CLV_PCH_PRE_HAB","B1GQ","EU28",2004,2.1
"CLV_PCH_PRE_HAB","B1GQ","FI",2004,3.7
"CLV_PCH_PRE_HAB","B1GQ","FR",2004,2.1
"CLV_PCH_PRE_HAB","B1GQ","HR",2004,3.9
"CLV_PCH_PRE_HAB","B1GQ","HU",2004,5.1
"CLV_PCH_PRE_HAB","B1GQ","IE",2004,4.9
"CLV_PCH_PRE_HAB","B1GQ","IS",2004,6.8
"CLV_PCH_PRE_HAB","B1GQ","IT",2004,0.7
"CLV_PCH_PRE_HAB","B1GQ","LT",2004,7.8
"CLV_PCH_PRE_HAB","B1GQ","LU",2004,2.2
"CLV_PCH_PRE_HAB","B1GQ","LV",2004,9.5
"CLV_PCH_PRE_HAB","B1GQ","MK",2004,4.4
"CLV_PCH_PRE_HAB","B1GQ","MT",2004,-0.2
"CLV_PCH_PRE_HAB","B1GQ","NL",2004,1.6
"CLV_PCH_PRE_HAB","B1GQ","NO",2004,3.4
"CLV_PCH_PRE_HAB","B1GQ","PL",2004,5.2
"CLV_PCH_PRE_HAB","B1GQ","PT",2004,1.5
"CLV_PCH_PRE_HAB","B1GQ","RO",2004,11.1
"CLV_PCH_PRE_HAB","B1GQ","RS",2004,9.3
"CLV_PCH_PRE_HAB","B1GQ","SE",2004,3.9
"CLV_PCH_PRE_HAB","B1GQ","SI",2004,4.3
"CLV_PCH_PRE_HAB","B1GQ","SK",2004,5.2
"CLV_PCH_PRE_HAB","B1GQ","TR",2004,8.3
"CLV_PCH_PRE_HAB","B1GQ","UK",2004,1.8
"CLV10_EUR_HAB","B1GQ","AL",2005,2310
"CLV10_EUR_HAB","B1GQ","AT",2005,33710
"CLV10_EUR_HAB","B1GQ","BE",2005,32500
"CLV10_EUR_HAB","B1GQ","BG",2005,4190
"CLV10_EUR_HAB","B1GQ","CH",2005,52920
"CLV10_EUR_HAB","B1GQ","CY",2005,23050
"CLV10_EUR_HAB","B1GQ","CZ",2005,13570
"CLV10_EUR_HAB","B1GQ","DE",2005,29730
"CLV10_EUR_HAB","B1GQ","DK",2005,44400
"CLV10_EUR_HAB","B1GQ","EA19",2005,27910
"CLV10_EUR_HAB","B1GQ","EE",2005,11110
"CLV10_EUR_HAB","B1GQ","EL",2005,20910
"CLV10_EUR_HAB","B1GQ","ES",2005,23420
"CLV10_EUR_HAB","B1GQ","EU28",2005,24800
"CLV10_EUR_HAB","B1GQ","FI",2005,34250
"CLV10_EUR_HAB","B1GQ","FR",2005,30320
"CLV10_EUR_HAB","B1GQ","HR",2005,10180
"CLV10_EUR_HAB","B1GQ","HU",2005,9910
"CLV10_EUR_HAB","B1GQ","IE",2005,39470
"CLV10_EUR_HAB","B1GQ","IS",2005,33040
"CLV10_EUR_HAB","B1GQ","IT",2005,28090
"CLV10_EUR_HAB","B1GQ","LT",2005,7950
"CLV10_EUR_HAB","B1GQ","LU",2005,76460
"CLV10_EUR_HAB","B1GQ","LV",2005,8170
"CLV10_EUR_HAB","B1GQ","MK",2005,2870
"CLV10_EUR_HAB","B1GQ","MT",2005,14790
"CLV10_EUR_HAB","B1GQ","NL",2005,36570
"CLV10_EUR_HAB","B1GQ","NO",2005,66780
"CLV10_EUR_HAB","B1GQ","PL",2005,7510
"CLV10_EUR_HAB","B1GQ","PT",2005,16600
"CLV10_EUR_HAB","B1GQ","RO",2005,5120
"CLV10_EUR_HAB","B1GQ","RS",2005,3660
"CLV10_EUR_HAB","B1GQ","SE",2005,37770
"CLV10_EUR_HAB","B1GQ","SI",2005,16570
"CLV10_EUR_HAB","B1GQ","SK",2005,9960
"CLV10_EUR_HAB","B1GQ","TR",2005,7200
"CLV10_EUR_HAB","B1GQ","UK",2005,30160
"CLV_PCH_PRE_HAB","B1GQ","AL",2005,6.1
"CLV_PCH_PRE_HAB","B1GQ","AT",2005,1.5
"CLV_PCH_PRE_HAB","B1GQ","BE",2005,1.5
"CLV_PCH_PRE_HAB","B1GQ","BG",2005,7.7
"CLV_PCH_PRE_HAB","B1GQ","CH",2005,2.5
"CLV_PCH_PRE_HAB","B1GQ","CY",2005,3.4
"CLV_PCH_PRE_HAB","B1GQ","CZ",2005,6.3
"CLV_PCH_PRE_HAB","B1GQ","DE",2005,0.9
"CLV_PCH_PRE_HAB","B1GQ","DK",2005,2
"CLV_PCH_PRE_HAB","B1GQ","EA19",2005,1.1
"CLV_PCH_PRE_HAB","B1GQ","EE",2005,10.1
"CLV_PCH_PRE_HAB","B1GQ","EL",2005,0.3
"CLV_PCH_PRE_HAB","B1GQ","ES",2005,1.7
"CLV_PCH_PRE_HAB","B1GQ","EU28",2005,1.7
"CLV_PCH_PRE_HAB","B1GQ","FI",2005,2.4
"CLV_PCH_PRE_HAB","B1GQ","FR",2005,0.9
"CLV_PCH_PRE_HAB","B1GQ","HR",2005,4
"CLV_PCH_PRE_HAB","B1GQ","HU",2005,4.5
"CLV_PCH_PRE_HAB","B1GQ","IE",2005,3.3
"CLV_PCH_PRE_HAB","B1GQ","IS",2005,5.1
"CLV_PCH_PRE_HAB","B1GQ","IT",2005,0.2
"CLV_PCH_PRE_HAB","B1GQ","LT",2005,9.5
"CLV_PCH_PRE_HAB","B1GQ","LU",2005,1.6
"CLV_PCH_PRE_HAB","B1GQ","LV",2005,11.9
"CLV_PCH_PRE_HAB","B1GQ","MK",2005,4.5
"CLV_PCH_PRE_HAB","B1GQ","MT",2005,3.1
"CLV_PCH_PRE_HAB","B1GQ","NL",2005,1.8
"CLV_PCH_PRE_HAB","B1GQ","NO",2005,1.9
"CLV_PCH_PRE_HAB","B1GQ","PL",2005,3.5
"CLV_PCH_PRE_HAB","B1GQ","PT",2005,0.6
"CLV_PCH_PRE_HAB","B1GQ","RO",2005,5.3
"CLV_PCH_PRE_HAB","B1GQ","RS",2005,5.8
"CLV_PCH_PRE_HAB","B1GQ","SE",2005,2.5
"CLV_PCH_PRE_HAB","B1GQ","SI",2005,3.6
"CLV_PCH_PRE_HAB","B1GQ","SK",2005,6.5
"CLV_PCH_PRE_HAB","B1GQ","TR",2005,7.7
"CLV_PCH_PRE_HAB","B1GQ","UK",2005,2.4
"CLV10_EUR_HAB","B1GQ","AL",2006,2460
"CLV10_EUR_HAB","B1GQ","AT",2006,34700
"CLV10_EUR_HAB","B1GQ","BE",2006,33100
"CLV10_EUR_HAB","B1GQ","BG",2006,4500
"CLV10_EUR_HAB","B1GQ","CH",2006,54720
"CLV10_EUR_HAB","B1GQ","CY",2006,23740
"CLV10_EUR_HAB","B1GQ","CZ",2006,14460
"CLV10_EUR_HAB","B1GQ","DE",2006,30930
"CLV10_EUR_HAB","B1GQ","DK",2006,45990
"CLV10_EUR_HAB","B1GQ","EA19",2006,28690
"CLV10_EUR_HAB","B1GQ","EE",2006,12260
"CLV10_EUR_HAB","B1GQ","EL",2006,22030
"CLV10_EUR_HAB","B1GQ","ES",2006,24000
"CLV10_EUR_HAB","B1GQ","EU28",2006,25540
"CLV10_EUR_HAB","B1GQ","FI",2006,35490
"CLV10_EUR_HAB","B1GQ","FR",2006,30850
"CLV10_EUR_HAB","B1GQ","HR",2006,10670
"CLV10_EUR_HAB","B1GQ","HU",2006,10330
"CLV10_EUR_HAB","B1GQ","IE",2006,40400
"CLV10_EUR_HAB","B1GQ","IS",2006,33820
"CLV10_EUR_HAB","B1GQ","IT",2006,28480
"CLV10_EUR_HAB","B1GQ","LT",2006,8670
"CLV10_EUR_HAB","B1GQ","LU",2006,79190
"CLV10_EUR_HAB","B1GQ","LV",2006,9220
"CLV10_EUR_HAB","B1GQ","MK",2006,3010
"CLV10_EUR_HAB","B1GQ","MT",2006,15000
"CLV10_EUR_HAB","B1GQ","NL",2006,37780
"CLV10_EUR_HAB","B1GQ","NO",2006,67830
"CLV10_EUR_HAB","B1GQ","PL",2006,7980
"CLV10_EUR_HAB","B1GQ","PT",2006,16840
"CLV10_EUR_HAB","B1GQ","RO",2006,5560
"CLV10_EUR_HAB","B1GQ","RS",2006,3860
"CLV10_EUR_HAB","B1GQ","SE",2006,39290
"CLV10_EUR_HAB","B1GQ","SI",2006,17460
"CLV10_EUR_HAB","B1GQ","SK",2006,10800
"CLV10_EUR_HAB","B1GQ","TR",2006,7700
"CLV10_EUR_HAB","B1GQ","UK",2006,30790
"CLV_PCH_PRE_HAB","B1GQ","AL",2006,6.6
"CLV_PCH_PRE_HAB","B1GQ","AT",2006,2.9
"CLV_PCH_PRE_HAB","B1GQ","BE",2006,1.8
"CLV_PCH_PRE_HAB","B1GQ","BG",2006,7.4
"CLV_PCH_PRE_HAB","B1GQ","CH",2006,3.4
"CLV_PCH_PRE_HAB","B1GQ","CY",2006,3
"CLV_PCH_PRE_HAB","B1GQ","CZ",2006,6.5
"CLV_PCH_PRE_HAB","B1GQ","DE",2006,4
"CLV_PCH_PRE_HAB","B1GQ","DK",2006,3.6
"CLV_PCH_PRE_HAB","B1GQ","EA19",2006,2.8
"CLV_PCH_PRE_HAB","B1GQ","EE",2006,10.4
"CLV_PCH_PRE_HAB","B1GQ","EL",2006,5.3
"CLV_PCH_PRE_HAB","B1GQ","ES",2006,2.5
"CLV_PCH_PRE_HAB","B1GQ","EU28",2006,3
"CLV_PCH_PRE_HAB","B1GQ","FI",2006,3.6
"CLV_PCH_PRE_HAB","B1GQ","FR",2006,1.7
"CLV_PCH_PRE_HAB","B1GQ","HR",2006,4.8
"CLV_PCH_PRE_HAB","B1GQ","HU",2006,4.2
"CLV_PCH_PRE_HAB","B1GQ","IE",2006,2.4
"CLV_PCH_PRE_HAB","B1GQ","IS",2006,2.3
"CLV_PCH_PRE_HAB","B1GQ","IT",2006,1.4
"CLV_PCH_PRE_HAB","B1GQ","LT",2006,9.1
"CLV_PCH_PRE_HAB","B1GQ","LU",2006,3.6
"CLV_PCH_PRE_HAB","B1GQ","LV",2006,12.9
"CLV_PCH_PRE_HAB","B1GQ","MK",2006,5
"CLV_PCH_PRE_HAB","B1GQ","MT",2006,1.5
"CLV_PCH_PRE_HAB","B1GQ","NL",2006,3.3
"CLV_PCH_PRE_HAB","B1GQ","NO",2006,1.6
"CLV_PCH_PRE_HAB","B1GQ","PL",2006,6.3
"CLV_PCH_PRE_HAB","B1GQ","PT",2006,1.4
"CLV_PCH_PRE_HAB","B1GQ","RO",2006,8.7
"CLV_PCH_PRE_HAB","B1GQ","RS",2006,5.5
"CLV_PCH_PRE_HAB","B1GQ","SE",2006,4
"CLV_PCH_PRE_HAB","B1GQ","SI",2006,5.4
"CLV_PCH_PRE_HAB","B1GQ","SK",2006,8.4
"CLV_PCH_PRE_HAB","B1GQ","TR",2006,5.8
"CLV_PCH_PRE_HAB","B1GQ","UK",2006,2.1
"CLV10_EUR_HAB","B1GQ","AL",2007,2630
"CLV10_EUR_HAB","B1GQ","AT",2007,35870
"CLV10_EUR_HAB","B1GQ","BE",2007,33900
"CLV10_EUR_HAB","B1GQ","BG",2007,4820
"CLV10_EUR_HAB","B1GQ","CH",2007,56490
"CLV10_EUR_HAB","B1GQ","CY",2007,24420
"CLV10_EUR_HAB","B1GQ","CZ",2007,15190
"CLV10_EUR_HAB","B1GQ","DE",2007,31920
"CLV10_EUR_HAB","B1GQ","DK",2007,46210
"CLV10_EUR_HAB","B1GQ","EA19",2007,29390
"CLV10_EUR_HAB","B1GQ","EE",2007,13270
"CLV10_EUR_HAB","B1GQ","EL",2007,22690
"CLV10_EUR_HAB","B1GQ","ES",2007,24380
"CLV10_EUR_HAB","B1GQ","EU28",2007,26210
"CLV10_EUR_HAB","B1GQ","FI",2007,37210
"CLV10_EUR_HAB","B1GQ","FR",2007,31400
"CLV10_EUR_HAB","B1GQ","HR",2007,11230
"CLV10_EUR_HAB","B1GQ","HU",2007,10370
"CLV10_EUR_HAB","B1GQ","IE",2007,41300
"CLV10_EUR_HAB","B1GQ","IS",2007,36140
"CLV10_EUR_HAB","B1GQ","IT",2007,28730
"CLV10_EUR_HAB","B1GQ","LT",2007,9750
"CLV10_EUR_HAB","B1GQ","LU",2007,84420
"CLV10_EUR_HAB","B1GQ","LV",2007,10220
"CLV10_EUR_HAB","B1GQ","ME",2007,4890
"CLV10_EUR_HAB","B1GQ","MK",2007,3200
"CLV10_EUR_HAB","B1GQ","MT",2007,15550
"CLV10_EUR_HAB","B1GQ","NL",2007,39120
"CLV10_EUR_HAB","B1GQ","NO",2007,69140
"CLV10_EUR_HAB","B1GQ","PL",2007,8550
"CLV10_EUR_HAB","B1GQ","PT",2007,17230
"CLV10_EUR_HAB","B1GQ","RO",2007,6050
"CLV10_EUR_HAB","B1GQ","RS",2007,4130
"CLV10_EUR_HAB","B1GQ","SE",2007,40340
"CLV10_EUR_HAB","B1GQ","SI",2007,18570
"CLV10_EUR_HAB","B1GQ","SK",2007,11960
"CLV10_EUR_HAB","B1GQ","TR",2007,7900
"CLV10_EUR_HAB","B1GQ","UK",2007,31280
"CLV_PCH_PRE_HAB","B1GQ","AL",2007,6.8
"CLV_PCH_PRE_HAB","B1GQ","AT",2007,3.4
"CLV_PCH_PRE_HAB","B1GQ","BE",2007,2.7
"CLV_PCH_PRE_HAB","B1GQ","BG",2007,7.1
"CLV_PCH_PRE_HAB","B1GQ","CH",2007,3.2
"CLV_PCH_PRE_HAB","B1GQ","CY",2007,2.9
"CLV_PCH_PRE_HAB","B1GQ","CZ",2007,5
"CLV_PCH_PRE_HAB","B1GQ","DE",2007,3.2
"CLV_PCH_PRE_HAB","B1GQ","DK",2007,0.5
"CLV_PCH_PRE_HAB","B1GQ","EA19",2007,2.4
"CLV_PCH_PRE_HAB","B1GQ","EE",2007,8.2
"CLV_PCH_PRE_HAB","B1GQ","EL",2007,3
"CLV_PCH_PRE_HAB","B1GQ","ES",2007,1.6
"CLV_PCH_PRE_HAB","B1GQ","EU28",2007,2.6
"CLV_PCH_PRE_HAB","B1GQ","FI",2007,4.9
"CLV_PCH_PRE_HAB","B1GQ","FR",2007,1.8
"CLV_PCH_PRE_HAB","B1GQ","HR",2007,5.3
"CLV_PCH_PRE_HAB","B1GQ","HU",2007,0.4
"CLV_PCH_PRE_HAB","B1GQ","IE",2007,2.2
"CLV_PCH_PRE_HAB","B1GQ","IS",2007,6.9
"CLV_PCH_PRE_HAB","B1GQ","IT",2007,0.9
"CLV_PCH_PRE_HAB","B1GQ","LT",2007,12.4
"CLV_PCH_PRE_HAB","B1GQ","LU",2007,6.6
"CLV_PCH_PRE_HAB","B1GQ","LV",2007,10.9
"CLV_PCH_PRE_HAB","B1GQ","MK",2007,6.3
"CLV_PCH_PRE_HAB","B1GQ","MT",2007,3.6
"CLV_PCH_PRE_HAB","B1GQ","NL",2007,3.5
"CLV_PCH_PRE_HAB","B1GQ","NO",2007,1.9
"CLV_PCH_PRE_HAB","B1GQ","PL",2007,7.1
"CLV_PCH_PRE_HAB","B1GQ","PT",2007,2.3
"CLV_PCH_PRE_HAB","B1GQ","RO",2007,8.8
"CLV_PCH_PRE_HAB","B1GQ","RS",2007,6.9
"CLV_PCH_PRE_HAB","B1GQ","SE",2007,2.7
"CLV_PCH_PRE_HAB","B1GQ","SI",2007,6.4
"CLV_PCH_PRE_HAB","B1GQ","SK",2007,10.7
"CLV_PCH_PRE_HAB","B1GQ","TR",2007,3.7
"CLV_PCH_PRE_HAB","B1GQ","UK",2007,1.6
"CLV10_EUR_HAB","B1GQ","AL",2008,2850
"CLV10_EUR_HAB","B1GQ","AT",2008,36280
"CLV10_EUR_HAB","B1GQ","BE",2008,33900
"CLV10_EUR_HAB","B1GQ","BG",2008,5140
"CLV10_EUR_HAB","B1GQ","CH",2008,57030
"CLV10_EUR_HAB","B1GQ","CY",2008,24680
"CLV10_EUR_HAB","B1GQ","CZ",2008,15430
"CLV10_EUR_HAB","B1GQ","DE",2008,32320
"CLV10_EUR_HAB","B1GQ","DK",2008,45700
"CLV10_EUR_HAB","B1GQ","EA19",2008,29370
"CLV10_EUR_HAB","B1GQ","EE",2008,12640
"CLV10_EUR_HAB","B1GQ","EL",2008,22560
"CLV10_EUR_HAB","B1GQ","ES",2008,24200
"CLV10_EUR_HAB","B1GQ","EU28",2008,26230
"CLV10_EUR_HAB","B1GQ","FI",2008,37330
"CLV10_EUR_HAB","B1GQ","FR",2008,31310
"CLV10_EUR_HAB","B1GQ","HR",2008,11460
"CLV10_EUR_HAB","B1GQ","HU",2008,10500
"CLV10_EUR_HAB","B1GQ","IE",2008,38600
"CLV10_EUR_HAB","B1GQ","IS",2008,35940
"CLV10_EUR_HAB","B1GQ","IT",2008,28230
"CLV10_EUR_HAB","B1GQ","LT",2008,10110
"CLV10_EUR_HAB","B1GQ","LU",2008,81880
"CLV10_EUR_HAB","B1GQ","LV",2008,9990
"CLV10_EUR_HAB","B1GQ","ME",2008,5230
"CLV10_EUR_HAB","B1GQ","MK",2008,3370
"CLV10_EUR_HAB","B1GQ","MT",2008,15960
"CLV10_EUR_HAB","B1GQ","NL",2008,39810
"CLV10_EUR_HAB","B1GQ","NO",2008,68610
"CLV10_EUR_HAB","B1GQ","PL",2008,8910
"CLV10_EUR_HAB","B1GQ","PT",2008,17260
"CLV10_EUR_HAB","B1GQ","RO",2008,6730
"CLV10_EUR_HAB","B1GQ","RS",2008,4380
"CLV10_EUR_HAB","B1GQ","SE",2008,39930
"CLV10_EUR_HAB","B1GQ","SI",2008,19190
"CLV10_EUR_HAB","B1GQ","SK",2008,12600
"CLV10_EUR_HAB","B1GQ","TR",2008,7900
"CLV10_EUR_HAB","B1GQ","UK",2008,30940
"CLV_PCH_PRE_HAB","B1GQ","AL",2008,8.3
"CLV_PCH_PRE_HAB","B1GQ","AT",2008,1.1
"CLV_PCH_PRE_HAB","B1GQ","BE",2008,0
"CLV_PCH_PRE_HAB","B1GQ","BG",2008,6.6
"CLV_PCH_PRE_HAB","B1GQ","CH",2008,0.9
"CLV_PCH_PRE_HAB","B1GQ","CY",2008,1.1
"CLV_PCH_PRE_HAB","B1GQ","CZ",2008,1.6
"CLV_PCH_PRE_HAB","B1GQ","DE",2008,1.2
"CLV_PCH_PRE_HAB","B1GQ","DK",2008,-1.1
"CLV_PCH_PRE_HAB","B1GQ","EA19",2008,-0.1
"CLV_PCH_PRE_HAB","B1GQ","EE",2008,-4.8
"CLV_PCH_PRE_HAB","B1GQ","EL",2008,-0.6
"CLV_PCH_PRE_HAB","B1GQ","ES",2008,-0.8
"CLV_PCH_PRE_HAB","B1GQ","EU28",2008,0.1
"CLV_PCH_PRE_HAB","B1GQ","FI",2008,0.3
"CLV_PCH_PRE_HAB","B1GQ","FR",2008,-0.3
"CLV_PCH_PRE_HAB","B1GQ","HR",2008,2.1
"CLV_PCH_PRE_HAB","B1GQ","HU",2008,1.2
"CLV_PCH_PRE_HAB","B1GQ","IE",2008,-6.5
"CLV_PCH_PRE_HAB","B1GQ","IS",2008,-0.6
"CLV_PCH_PRE_HAB","B1GQ","IT",2008,-1.7
"CLV_PCH_PRE_HAB","B1GQ","LT",2008,3.7
"CLV_PCH_PRE_HAB","B1GQ","LU",2008,-3
"CLV_PCH_PRE_HAB","B1GQ","LV",2008,-2.3
"CLV_PCH_PRE_HAB","B1GQ","ME",2008,7
"CLV_PCH_PRE_HAB","B1GQ","MK",2008,5.3
"CLV_PCH_PRE_HAB","B1GQ","MT",2008,2.7
"CLV_PCH_PRE_HAB","B1GQ","NL",2008,1.8
"CLV_PCH_PRE_HAB","B1GQ","NO",2008,-0.8
"CLV_PCH_PRE_HAB","B1GQ","PL",2008,4.2
"CLV_PCH_PRE_HAB","B1GQ","PT",2008,0.2
"CLV_PCH_PRE_HAB","B1GQ","RO",2008,11.1
"CLV_PCH_PRE_HAB","B1GQ","RS",2008,6.1
"CLV_PCH_PRE_HAB","B1GQ","SE",2008,-1
"CLV_PCH_PRE_HAB","B1GQ","SI",2008,3.4
"CLV_PCH_PRE_HAB","B1GQ","SK",2008,5.4
"CLV_PCH_PRE_HAB","B1GQ","TR",2008,-0.4
"CLV_PCH_PRE_HAB","B1GQ","UK",2008,-1.1
"CLV10_EUR_HAB","B1GQ","AL",2009,2960
"CLV10_EUR_HAB","B1GQ","AT",2009,34830
"CLV10_EUR_HAB","B1GQ","BE",2009,32900
"CLV10_EUR_HAB","B1GQ","BG",2009,4990
"CLV10_EUR_HAB","B1GQ","CH",2009,55080
"CLV10_EUR_HAB","B1GQ","CY",2009,23550
"CLV10_EUR_HAB","B1GQ","CZ",2009,14610
"CLV10_EUR_HAB","B1GQ","DE",2009,30580
"CLV10_EUR_HAB","B1GQ","DK",2009,43220
"CLV10_EUR_HAB","B1GQ","EA19",2009,27950
"CLV10_EUR_HAB","B1GQ","EE",2009,10830
"CLV10_EUR_HAB","B1GQ","EL",2009,21530
"CLV10_EUR_HAB","B1GQ","ES",2009,23100
"CLV10_EUR_HAB","B1GQ","EU28",2009,25000
"CLV10_EUR_HAB","B1GQ","FI",2009,34150
"CLV10_EUR_HAB","B1GQ","FR",2009,30250
"CLV10_EUR_HAB","B1GQ","HR",2009,10630
"CLV10_EUR_HAB","B1GQ","HU",2009,9810
"CLV10_EUR_HAB","B1GQ","IE",2009,36300
"CLV10_EUR_HAB","B1GQ","IS",2009,33520
"CLV10_EUR_HAB","B1GQ","IT",2009,26590
"CLV10_EUR_HAB","B1GQ","LT",2009,8710
"CLV10_EUR_HAB","B1GQ","LU",2009,76900
"CLV10_EUR_HAB","B1GQ","LV",2009,8710
"CLV10_EUR_HAB","B1GQ","ME",2009,4920
"CLV10_EUR_HAB","B1GQ","MK",2009,3350
"CLV10_EUR_HAB","B1GQ","MT",2009,15450
"CLV10_EUR_HAB","B1GQ","NL",2009,38160
"CLV10_EUR_HAB","B1GQ","NO",2009,66580
"CLV10_EUR_HAB","B1GQ","PL",2009,9070
"CLV10_EUR_HAB","B1GQ","PT",2009,16710
"CLV10_EUR_HAB","B1GQ","RO",2009,6410
"CLV10_EUR_HAB","B1GQ","RS",2009,4280
"CLV10_EUR_HAB","B1GQ","SE",2009,37910
"CLV10_EUR_HAB","B1GQ","SI",2009,17570
"CLV10_EUR_HAB","B1GQ","SK",2009,11890
"CLV10_EUR_HAB","B1GQ","TR",2009,7400
"CLV10_EUR_HAB","B1GQ","UK",2009,29420
"CLV_PCH_PRE_HAB","B1GQ","AL",2009,4.1
"CLV_PCH_PRE_HAB","B1GQ","AT",2009,-4
"CLV_PCH_PRE_HAB","B1GQ","BE",2009,-3
"CLV_PCH_PRE_HAB","B1GQ","BG",2009,-2.9
"CLV_PCH_PRE_HAB","B1GQ","CH",2009,-3.4
"CLV_PCH_PRE_HAB","B1GQ","CY",2009,-4.6
"CLV_PCH_PRE_HAB","B1GQ","CZ",2009,-5.4
"CLV_PCH_PRE_HAB","B1GQ","DE",2009,-5.4
"CLV_PCH_PRE_HAB","B1GQ","DK",2009,-5.4
"CLV_PCH_PRE_HAB","B1GQ","EA19",2009,-4.8
"CLV_PCH_PRE_HAB","B1GQ","EE",2009,-14.3
"CLV_PCH_PRE_HAB","B1GQ","EL",2009,-4.6
"CLV_PCH_PRE_HAB","B1GQ","ES",2009,-4.6
"CLV_PCH_PRE_HAB","B1GQ","EU28",2009,-4.7
"CLV_PCH_PRE_HAB","B1GQ","FI",2009,-8.5
"CLV_PCH_PRE_HAB","B1GQ","FR",2009,-3.4
"CLV_PCH_PRE_HAB","B1GQ","HR",2009,-7.2
"CLV_PCH_PRE_HAB","B1GQ","HU",2009,-6.6
"CLV_PCH_PRE_HAB","B1GQ","IE",2009,-6
"CLV_PCH_PRE_HAB","B1GQ","IS",2009,-6.7
"CLV_PCH_PRE_HAB","B1GQ","IT",2009,-5.8
"CLV_PCH_PRE_HAB","B1GQ","LT",2009,-13.9
"CLV_PCH_PRE_HAB","B1GQ","LU",2009,-6.1
"CLV_PCH_PRE_HAB","B1GQ","LV",2009,-12.8
"CLV_PCH_PRE_HAB","B1GQ","ME",2009,-6
"CLV_PCH_PRE_HAB","B1GQ","MK",2009,-0.5
"CLV_PCH_PRE_HAB","B1GQ","MT",2009,-3.2
"CLV_PCH_PRE_HAB","B1GQ","NL",2009,-4.2
"CLV_PCH_PRE_HAB","B1GQ","NO",2009,-3
"CLV_PCH_PRE_HAB","B1GQ","PL",2009,1.8
"CLV_PCH_PRE_HAB","B1GQ","PT",2009,-3.2
"CLV_PCH_PRE_HAB","B1GQ","RO",2009,-4.7
"CLV_PCH_PRE_HAB","B1GQ","RS",2009,-2.3
"CLV_PCH_PRE_HAB","B1GQ","SE",2009,-5
"CLV_PCH_PRE_HAB","B1GQ","SI",2009,-8.4
"CLV_PCH_PRE_HAB","B1GQ","SK",2009,-5.7
"CLV_PCH_PRE_HAB","B1GQ","TR",2009,-6
"CLV_PCH_PRE_HAB","B1GQ","UK",2009,-4.9
"CLV10_EUR_HAB","B1GQ","AL",2010,3090
"CLV10_EUR_HAB","B1GQ","AT",2010,35390
"CLV10_EUR_HAB","B1GQ","BE",2010,33500
"CLV10_EUR_HAB","B1GQ","BG",2010,5050
"CLV10_EUR_HAB","B1GQ","CH",2010,56150
"CLV10_EUR_HAB","B1GQ","CY",2010,23400
"CLV10_EUR_HAB","B1GQ","CZ",2010,14900
"CLV10_EUR_HAB","B1GQ","DE",2010,31940
"CLV10_EUR_HAB","B1GQ","DK",2010,43840
"CLV10_EUR_HAB","B1GQ","EA19",2010,28470
"CLV10_EUR_HAB","B1GQ","EE",2010,11150
"CLV10_EUR_HAB","B1GQ","EL",2010,20320
"CLV10_EUR_HAB","B1GQ","ES",2010,23040
"CLV10_EUR_HAB","B1GQ","EU28",2010,25460
"CLV10_EUR_HAB","B1GQ","FI",2010,35080
"CLV10_EUR_HAB","B1GQ","FR",2010,30690
"CLV10_EUR_HAB","B1GQ","HR",2010,10490
"CLV10_EUR_HAB","B1GQ","HU",2010,9900
"CLV10_EUR_HAB","B1GQ","IE",2010,36790
"CLV10_EUR_HAB","B1GQ","IS",2010,32490
"CLV10_EUR_HAB","B1GQ","IT",2010,26930
"CLV10_EUR_HAB","B1GQ","LT",2010,9030
"CLV10_EUR_HAB","B1GQ","LU",2010,79160
"CLV10_EUR_HAB","B1GQ","LV",2010,8500
"CLV10_EUR_HAB","B1GQ","ME",2010,5050
"CLV10_EUR_HAB","B1GQ","MK",2010,3460
"CLV10_EUR_HAB","B1GQ","MT",2010,15920
"CLV10_EUR_HAB","B1GQ","NL",2010,38470
"CLV10_EUR_HAB","B1GQ","NO",2010,66220
"CLV10_EUR_HAB","B1GQ","PL",2010,9390
"CLV10_EUR_HAB","B1GQ","PT",2010,16990
"CLV10_EUR_HAB","B1GQ","RO",2010,6190
"CLV10_EUR_HAB","B1GQ","RS",2010,4330
"CLV10_EUR_HAB","B1GQ","SE",2010,39920
"CLV10_EUR_HAB","B1GQ","SI",2010,17750
"CLV10_EUR_HAB","B1GQ","SK",2010,12540
"CLV10_EUR_HAB","B1GQ","TR",2010,7900
"CLV10_EUR_HAB","B1GQ","UK",2010,29750
"CLV_PCH_PRE_HAB","B1GQ","AL",2010,4.2
"CLV_PCH_PRE_HAB","B1GQ","AT",2010,1.6
"CLV_PCH_PRE_HAB","B1GQ","BE",2010,1.8
"CLV_PCH_PRE_HAB","B1GQ","BG",2010,1.2
"CLV_PCH_PRE_HAB","B1GQ","CH",2010,1.9
"CLV_PCH_PRE_HAB","B1GQ","CY",2010,-0.6
"CLV_PCH_PRE_HAB","B1GQ","CZ",2010,2
"CLV_PCH_PRE_HAB","B1GQ","DE",2010,4.4
"CLV_PCH_PRE_HAB","B1GQ","DK",2010,1.4
"CLV_PCH_PRE_HAB","B1GQ","EA19",2010,1.9
"CLV_PCH_PRE_HAB","B1GQ","EE",2010,2.9
"CLV_PCH_PRE_HAB","B1GQ","EL",2010,-5.6
"CLV_PCH_PRE_HAB","B1GQ","ES",2010,-0.3
"CLV_PCH_PRE_HAB","B1GQ","EU28",2010,1.8
"CLV_PCH_PRE_HAB","B1GQ","FI",2010,2.7
"CLV_PCH_PRE_HAB","B1GQ","FR",2010,1.4
"CLV_PCH_PRE_HAB","B1GQ","HR",2010,-1.3
"CLV_PCH_PRE_HAB","B1GQ","HU",2010,0.9
"CLV_PCH_PRE_HAB","B1GQ","IE",2010,1.3
"CLV_PCH_PRE_HAB","B1GQ","IS",2010,-3.1
"CLV_PCH_PRE_HAB","B1GQ","IT",2010,1.3
"CLV_PCH_PRE_HAB","B1GQ","LT",2010,3.6
"CLV_PCH_PRE_HAB","B1GQ","LU",2010,2.9
"CLV_PCH_PRE_HAB","B1GQ","LV",2010,-2.4
"CLV_PCH_PRE_HAB","B1GQ","ME",2010,2.5
"CLV_PCH_PRE_HAB","B1GQ","MK",2010,3.1
"CLV_PCH_PRE_HAB","B1GQ","MT",2010,3
"CLV_PCH_PRE_HAB","B1GQ","NL",2010,0.8
"CLV_PCH_PRE_HAB","B1GQ","NO",2010,-0.5
"CLV_PCH_PRE_HAB","B1GQ","PL",2010,3.5
"CLV_PCH_PRE_HAB","B1GQ","PT",2010,1.7
"CLV_PCH_PRE_HAB","B1GQ","RO",2010,-3.3
"CLV_PCH_PRE_HAB","B1GQ","RS",2010,1.1
"CLV_PCH_PRE_HAB","B1GQ","SE",2010,5.3
"CLV_PCH_PRE_HAB","B1GQ","SI",2010,1
"CLV_PCH_PRE_HAB","B1GQ","SK",2010,5.5
"CLV_PCH_PRE_HAB","B1GQ","TR",2010,6.9
"CLV_PCH_PRE_HAB","B1GQ","UK",2010,1.1
"CLV10_EUR_HAB","B1GQ","AL",2011,3180
"CLV10_EUR_HAB","B1GQ","AT",2011,36300
"CLV10_EUR_HAB","B1GQ","BE",2011,33800
"CLV10_EUR_HAB","B1GQ","BG",2011,5300
"CLV10_EUR_HAB","B1GQ","CH",2011,56690
"CLV10_EUR_HAB","B1GQ","CY",2011,22900
"CLV10_EUR_HAB","B1GQ","CZ",2011,15200
"CLV10_EUR_HAB","B1GQ","DE",2011,33200
"CLV10_EUR_HAB","B1GQ","DK",2011,44240
"CLV10_EUR_HAB","B1GQ","EA19",2011,28870
"CLV10_EUR_HAB","B1GQ","EE",2011,12010
"CLV10_EUR_HAB","B1GQ","EL",2011,18500
"CLV10_EUR_HAB","B1GQ","ES",2011,22770
"CLV10_EUR_HAB","B1GQ","EU28",2011,25850
"CLV10_EUR_HAB","B1GQ","FI",2011,35810
"CLV10_EUR_HAB","B1GQ","FR",2011,31210
"CLV10_EUR_HAB","B1GQ","HR",2011,10490
"CLV10_EUR_HAB","B1GQ","HU",2011,10110
"CLV10_EUR_HAB","B1GQ","IE",2011,36760
"CLV10_EUR_HAB","B1GQ","IS",2011,33000
"CLV10_EUR_HAB","B1GQ","IT",2011,27020
"CLV10_EUR_HAB","B1GQ","LT",2011,9790
"CLV10_EUR_HAB","B1GQ","LU",2011,79310
"CLV10_EUR_HAB","B1GQ","LV",2011,9200
"CLV10_EUR_HAB","B1GQ","ME",2011,5200
"CLV10_EUR_HAB","B1GQ","MK",2011,3530
"CLV10_EUR_HAB","B1GQ","MT",2011,16060
"CLV10_EUR_HAB","B1GQ","NL",2011,38880
"CLV10_EUR_HAB","B1GQ","NO",2011,66010
"CLV10_EUR_HAB","B1GQ","PL",2011,9860
"CLV10_EUR_HAB","B1GQ","PT",2011,16720
"CLV10_EUR_HAB","B1GQ","RO",2011,6350
"CLV10_EUR_HAB","B1GQ","RS",2011,4450
"CLV10_EUR_HAB","B1GQ","SE",2011,40820
"CLV10_EUR_HAB","B1GQ","SI",2011,17870
"CLV10_EUR_HAB","B1GQ","SK",2011,12980
"CLV10_EUR_HAB","B1GQ","TR",2011,8700
"CLV10_EUR_HAB","B1GQ","UK",2011,29960
"CLV_PCH_PRE_HAB","B1GQ","AL",2011,2.8
"CLV_PCH_PRE_HAB","B1GQ","AT",2011,2.6
"CLV_PCH_PRE_HAB","B1GQ","BE",2011,0.9
"CLV_PCH_PRE_HAB","B1GQ","BG",2011,4.9
"CLV_PCH_PRE_HAB","B1GQ","CH",2011,1
"CLV_PCH_PRE_HAB","B1GQ","CY",2011,-2.1
"CLV_PCH_PRE_HAB","B1GQ","CZ",2011,2
"CLV_PCH_PRE_HAB","B1GQ","DE",2011,3.9
"CLV_PCH_PRE_HAB","B1GQ","DK",2011,0.9
"CLV_PCH_PRE_HAB","B1GQ","EA19",2011,1.4
"CLV_PCH_PRE_HAB","B1GQ","EE",2011,7.7
"CLV_PCH_PRE_HAB","B1GQ","EL",2011,-9
"CLV_PCH_PRE_HAB","B1GQ","ES",2011,-1.2
"CLV_PCH_PRE_HAB","B1GQ","EU28",2011,1.5
"CLV_PCH_PRE_HAB","B1GQ","FI",2011,2.1
"CLV_PCH_PRE_HAB","B1GQ","FR",2011,1.7
"CLV_PCH_PRE_HAB","B1GQ","HR",2011,0
"CLV_PCH_PRE_HAB","B1GQ","HU",2011,2.1
"CLV_PCH_PRE_HAB","B1GQ","IE",2011,-0.1
"CLV_PCH_PRE_HAB","B1GQ","IS",2011,1.6
"CLV_PCH_PRE_HAB","B1GQ","IT",2011,0.3
"CLV_PCH_PRE_HAB","B1GQ","LT",2011,8.4
"CLV_PCH_PRE_HAB","B1GQ","LU",2011,0.2
"CLV_PCH_PRE_HAB","B1GQ","LV",2011,8.3
"CLV_PCH_PRE_HAB","B1GQ","ME",2011,3.1
"CLV_PCH_PRE_HAB","B1GQ","MK",2011,2.2
"CLV_PCH_PRE_HAB","B1GQ","MT",2011,0.9
"CLV_PCH_PRE_HAB","B1GQ","NL",2011,1.1
"CLV_PCH_PRE_HAB","B1GQ","NO",2011,-0.3
"CLV_PCH_PRE_HAB","B1GQ","PL",2011,5
"CLV_PCH_PRE_HAB","B1GQ","PT",2011,-1.6
"CLV_PCH_PRE_HAB","B1GQ","RO",2011,2.5
"CLV_PCH_PRE_HAB","B1GQ","RS",2011,2.8
"CLV_PCH_PRE_HAB","B1GQ","SE",2011,2.3
"CLV_PCH_PRE_HAB","B1GQ","SI",2011,0.7
"CLV_PCH_PRE_HAB","B1GQ","SK",2011,3.5
"CLV_PCH_PRE_HAB","B1GQ","TR",2011,9.5
"CLV_PCH_PRE_HAB","B1GQ","UK",2011,0.7
"CLV10_EUR_HAB","B1GQ","AL",2012,3230
"CLV10_EUR_HAB","B1GQ","AT",2012,36390
"CLV10_EUR_HAB","B1GQ","BE",2012,33700
"CLV10_EUR_HAB","B1GQ","BG",2012,5350
"CLV10_EUR_HAB","B1GQ","CH",2012,56660
"CLV10_EUR_HAB","B1GQ","CY",2012,21780
"CLV10_EUR_HAB","B1GQ","CZ",2012,15060
"CLV10_EUR_HAB","B1GQ","DE",2012,33280
"CLV10_EUR_HAB","B1GQ","DK",2012,44170
"CLV10_EUR_HAB","B1GQ","EA19",2012,28540
"CLV10_EUR_HAB","B1GQ","EE",2012,12430
"CLV10_EUR_HAB","B1GQ","EL",2012,17240
"CLV10_EUR_HAB","B1GQ","ES",2012,22080
"CLV10_EUR_HAB","B1GQ","EU28",2012,25690
"CLV10_EUR_HAB","B1GQ","FI",2012,35140
"CLV10_EUR_HAB","B1GQ","FR",2012,31160
"CLV10_EUR_HAB","B1GQ","HR",2012,10280
"CLV10_EUR_HAB","B1GQ","HU",2012,10010
"CLV10_EUR_HAB","B1GQ","IE",2012,36690
"CLV10_EUR_HAB","B1GQ","IS",2012,33250
"CLV10_EUR_HAB","B1GQ","IT",2012,26090
"CLV10_EUR_HAB","B1GQ","LT",2012,10300
"CLV10_EUR_HAB","B1GQ","LU",2012,77240
"CLV10_EUR_HAB","B1GQ","LV",2012,9700
"CLV10_EUR_HAB","B1GQ","ME",2012,5060
"CLV10_EUR_HAB","B1GQ","MK",2012,3510
"CLV10_EUR_HAB","B1GQ","MT",2012,16360
"CLV10_EUR_HAB","B1GQ","NL",2012,38340
"CLV10_EUR_HAB","B1GQ","NO",2012,66900
"CLV10_EUR_HAB","B1GQ","PL",2012,10020
"CLV10_EUR_HAB","B1GQ","PT",2012,16110
"CLV10_EUR_HAB","B1GQ","RO",2012,6510
"CLV10_EUR_HAB","B1GQ","RS",2012,4440
"CLV10_EUR_HAB","B1GQ","SE",2012,40270
"CLV10_EUR_HAB","B1GQ","SI",2012,17360
"CLV10_EUR_HAB","B1GQ","SK",2012,13200
"CLV10_EUR_HAB","B1GQ","TR",2012,9000
"CLV10_EUR_HAB","B1GQ","UK",2012,30200
"CLV_PCH_PRE_HAB","B1GQ","AL",2012,1.6
"CLV_PCH_PRE_HAB","B1GQ","AT",2012,0.2
"CLV_PCH_PRE_HAB","B1GQ","BE",2012,-0.4
"CLV_PCH_PRE_HAB","B1GQ","BG",2012,0.9
"CLV_PCH_PRE_HAB","B1GQ","CH",2012,-0.1
"CLV_PCH_PRE_HAB","B1GQ","CY",2012,-4.9
"CLV_PCH_PRE_HAB","B1GQ","CZ",2012,-0.9
"CLV_PCH_PRE_HAB","B1GQ","DE",2012,0.2
"CLV_PCH_PRE_HAB","B1GQ","DK",2012,-0.1
"CLV_PCH_PRE_HAB","B1GQ","EA19",2012,-1.1
"CLV_PCH_PRE_HAB","B1GQ","EE",2012,3.5
"CLV_PCH_PRE_HAB","B1GQ","EL",2012,-6.8
"CLV_PCH_PRE_HAB","B1GQ","ES",2012,-3
"CLV_PCH_PRE_HAB","B1GQ","EU28",2012,-0.6
"CLV_PCH_PRE_HAB","B1GQ","FI",2012,-1.9
"CLV_PCH_PRE_HAB","B1GQ","FR",2012,-0.2
"CLV_PCH_PRE_HAB","B1GQ","HR",2012,-2
"CLV_PCH_PRE_HAB","B1GQ","HU",2012,-1
"CLV_PCH_PRE_HAB","B1GQ","IE",2012,-0.2
"CLV_PCH_PRE_HAB","B1GQ","IS",2012,0.8
"CLV_PCH_PRE_HAB","B1GQ","IT",2012,-3.4
"CLV_PCH_PRE_HAB","B1GQ","LT",2012,5.2
"CLV_PCH_PRE_HAB","B1GQ","LU",2012,-2.6
"CLV_PCH_PRE_HAB","B1GQ","LV",2012,5.4
"CLV_PCH_PRE_HAB","B1GQ","ME",2012,-2.8
"CLV_PCH_PRE_HAB","B1GQ","MK",2012,-0.6
"CLV_PCH_PRE_HAB","B1GQ","MT",2012,1.9
"CLV_PCH_PRE_HAB","B1GQ","NL",2012,-1.4
"CLV_PCH_PRE_HAB","B1GQ","NO",2012,1.4
"CLV_PCH_PRE_HAB","B1GQ","PL",2012,1.6
"CLV_PCH_PRE_HAB","B1GQ","PT",2012,-3.7
"CLV_PCH_PRE_HAB","B1GQ","RO",2012,2.5
"CLV_PCH_PRE_HAB","B1GQ","RS",2012,-0.2
"CLV_PCH_PRE_HAB","B1GQ","SE",2012,-1.4
"CLV_PCH_PRE_HAB","B1GQ","SI",2012,-2.8
"CLV_PCH_PRE_HAB","B1GQ","SK",2012,1.7
"CLV_PCH_PRE_HAB","B1GQ","TR",2012,3.5
"CLV_PCH_PRE_HAB","B1GQ","UK",2012,0.8
"CLV10_EUR_HAB","B1GQ","AL",2013,3260
"CLV10_EUR_HAB","B1GQ","AT",2013,36180
"CLV10_EUR_HAB","B1GQ","BE",2013,33600
"CLV10_EUR_HAB","B1GQ","BG",2013,5400
"CLV10_EUR_HAB","B1GQ","CH",2013,57040
"CLV10_EUR_HAB","B1GQ","CY",2013,20400
"CLV10_EUR_HAB","B1GQ","CZ",2013,14980
"CLV10_EUR_HAB","B1GQ","DE",2013,33330
"CLV10_EUR_HAB","B1GQ","DK",2013,44410
"CLV10_EUR_HAB","B1GQ","EA19",2013,28410
"CLV10_EUR_HAB","B1GQ","EE",2013,12640
"CLV10_EUR_HAB","B1GQ","EL",2013,16800
"CLV10_EUR_HAB","B1GQ","ES",2013,21840
"CLV10_EUR_HAB","B1GQ","EU28",2013,25700
"CLV10_EUR_HAB","B1GQ","FI",2013,34660
"CLV10_EUR_HAB","B1GQ","FR",2013,31170
"CLV10_EUR_HAB","B1GQ","HR",2013,10260
"CLV10_EUR_HAB","B1GQ","HU",2013,10230
"CLV10_EUR_HAB","B1GQ","IE",2013,37010
"CLV10_EUR_HAB","B1GQ","IS",2013,34290
"CLV10_EUR_HAB","B1GQ","IT",2013,25480
"CLV10_EUR_HAB","B1GQ","LT",2013,10780
"CLV10_EUR_HAB","B1GQ","LU",2013,78030
"CLV10_EUR_HAB","B1GQ","LV",2013,10030
"CLV10_EUR_HAB","B1GQ","ME",2013,5230
"CLV10_EUR_HAB","B1GQ","MK",2013,3610
"CLV10_EUR_HAB","B1GQ","MT",2013,16870
"CLV10_EUR_HAB","B1GQ","NL",2013,38180
"CLV10_EUR_HAB","B1GQ","NO",2013,66780
"CLV10_EUR_HAB","B1GQ","PL",2013,10170
"CLV10_EUR_HAB","B1GQ","PT",2013,16050
"CLV10_EUR_HAB","B1GQ","RO",2013,6760
"CLV10_EUR_HAB","B1GQ","RS",2013,4590
"CLV10_EUR_HAB","B1GQ","SE",2013,40360
"CLV10_EUR_HAB","B1GQ","SI",2013,17160
"CLV10_EUR_HAB","B1GQ","SK",2013,13270
"CLV10_EUR_HAB","B1GQ","TR",2013,9600
"CLV10_EUR_HAB","B1GQ","UK",2013,30660
"CLV_PCH_PRE_HAB","B1GQ","AL",2013,1.2
"CLV_PCH_PRE_HAB","B1GQ","AT",2013,-0.6
"CLV_PCH_PRE_HAB","B1GQ","BE",2013,-0.3
"CLV_PCH_PRE_HAB","B1GQ","BG",2013,0.9
"CLV_PCH_PRE_HAB","B1GQ","CH",2013,0.7
"CLV_PCH_PRE_HAB","B1GQ","CY",2013,-6.3
"CLV_PCH_PRE_HAB","B1GQ","CZ",2013,-0.5
"CLV_PCH_PRE_HAB","B1GQ","DE",2013,0.2
"CLV_PCH_PRE_HAB","B1GQ","DK",2013,0.5
"CLV_PCH_PRE_HAB","B1GQ","EA19",2013,-0.5
"CLV_PCH_PRE_HAB","B1GQ","EE",2013,1.7
"CLV_PCH_PRE_HAB","B1GQ","EL",2013,-2.5
"CLV_PCH_PRE_HAB","B1GQ","ES",2013,-1.1
"CLV_PCH_PRE_HAB","B1GQ","EU28",2013,0.1
"CLV_PCH_PRE_HAB","B1GQ","FI",2013,-1.4
"CLV_PCH_PRE_HAB","B1GQ","FR",2013,0.1
"CLV_PCH_PRE_HAB","B1GQ","HR",2013,-0.2
"CLV_PCH_PRE_HAB","B1GQ","HU",2013,2.2
"CLV_PCH_PRE_HAB","B1GQ","IE",2013,0.9
"CLV_PCH_PRE_HAB","B1GQ","IS",2013,3.1
"CLV_PCH_PRE_HAB","B1GQ","IT",2013,-2.3
"CLV_PCH_PRE_HAB","B1GQ","LT",2013,4.6
"CLV_PCH_PRE_HAB","B1GQ","LU",2013,1
"CLV_PCH_PRE_HAB","B1GQ","LV",2013,3.4
"CLV_PCH_PRE_HAB","B1GQ","ME",2013,3.4
"CLV_PCH_PRE_HAB","B1GQ","MK",2013,2.8
"CLV_PCH_PRE_HAB","B1GQ","MT",2013,3.1
"CLV_PCH_PRE_HAB","B1GQ","NL",2013,-0.4
"CLV_PCH_PRE_HAB","B1GQ","NO",2013,-0.2
"CLV_PCH_PRE_HAB","B1GQ","PL",2013,1.5
"CLV_PCH_PRE_HAB","B1GQ","PT",2013,-0.4
"CLV_PCH_PRE_HAB","B1GQ","RO",2013,3.9
"CLV_PCH_PRE_HAB","B1GQ","RS",2013,3.4
"CLV_PCH_PRE_HAB","B1GQ","SE",2013,0.2
"CLV_PCH_PRE_HAB","B1GQ","SI",2013,-1.2
"CLV_PCH_PRE_HAB","B1GQ","SK",2013,0.5
"CLV_PCH_PRE_HAB","B1GQ","TR",2013,7.1
"CLV_PCH_PRE_HAB","B1GQ","UK",2013,1.5
"CLV10_EUR_HAB","B1GQ","AL",2014,3330
"CLV10_EUR_HAB","B1GQ","AT",2014,36130
"CLV10_EUR_HAB","B1GQ","BE",2014,33800
"CLV10_EUR_HAB","B1GQ","BG",2014,5530
"CLV10_EUR_HAB","B1GQ","CH",2014,57730
"CLV10_EUR_HAB","B1GQ","CY",2014,20240
"CLV10_EUR_HAB","B1GQ","CZ",2014,15370
"CLV10_EUR_HAB","B1GQ","DE",2014,33930
"CLV10_EUR_HAB","B1GQ","DK",2014,44890
"CLV10_EUR_HAB","B1GQ","EA19",2014,28740
"CLV10_EUR_HAB","B1GQ","EE",2014,13060
"CLV10_EUR_HAB","B1GQ","EL",2014,17040
"CLV10_EUR_HAB","B1GQ","ES",2014,22210
"CLV10_EUR_HAB","B1GQ","EU28",2014,26100
"CLV10_EUR_HAB","B1GQ","FI",2014,34390
"CLV10_EUR_HAB","B1GQ","FR",2014,31320
"CLV10_EUR_HAB","B1GQ","HR",2014,10290
"CLV10_EUR_HAB","B1GQ","HU",2014,10690
"CLV10_EUR_HAB","B1GQ","IE",2014,39890
"CLV10_EUR_HAB","B1GQ","IS",2014,34620
"CLV10_EUR_HAB","B1GQ","IT",2014,25420
"CLV10_EUR_HAB","B1GQ","LT",2014,11250
"CLV10_EUR_HAB","B1GQ","LU",2014,79490
"CLV10_EUR_HAB","B1GQ","LV",2014,10310
"CLV10_EUR_HAB","B1GQ","ME",2014,5320
"CLV10_EUR_HAB","B1GQ","MK",2014,3740
"CLV10_EUR_HAB","B1GQ","MT",2014,17970
"CLV10_EUR_HAB","B1GQ","NL",2014,38580
"CLV10_EUR_HAB","B1GQ","NO",2014,67340
"CLV10_EUR_HAB","B1GQ","PL",2014,10510
"CLV10_EUR_HAB","B1GQ","PT",2014,16260
"CLV10_EUR_HAB","B1GQ","RO",2014,7020
"CLV10_EUR_HAB","B1GQ","RS",2014,4540
"CLV10_EUR_HAB","B1GQ","SE",2014,41060
"CLV10_EUR_HAB","B1GQ","SI",2014,17620
"CLV10_EUR_HAB","B1GQ","SK",2014,13620
"CLV10_EUR_HAB","B1GQ","TR",2014,10000
"CLV10_EUR_HAB","B1GQ","UK",2014,31220
"CLV_PCH_PRE_HAB","B1GQ","AL",2014,2
"CLV_PCH_PRE_HAB","B1GQ","AT",2014,-0.1
"CLV_PCH_PRE_HAB","B1GQ","BE",2014,0.8
"CLV_PCH_PRE_HAB","B1GQ","BG",2014,2.5
"CLV_PCH_PRE_HAB","B1GQ","CH",2014,1.2
"CLV_PCH_PRE_HAB","B1GQ","CY",2014,-0.8
"CLV_PCH_PRE_HAB","B1GQ","CZ",2014,2.6
"CLV_PCH_PRE_HAB","B1GQ","DE",2014,1.8
"CLV_PCH_PRE_HAB","B1GQ","DK",2014,1.1
"CLV_PCH_PRE_HAB","B1GQ","EA19",2014,1.2
"CLV_PCH_PRE_HAB","B1GQ","EE",2014,3.3
"CLV_PCH_PRE_HAB","B1GQ","EL",2014,1.4
"CLV_PCH_PRE_HAB","B1GQ","ES",2014,1.7
"CLV_PCH_PRE_HAB","B1GQ","EU28",2014,1.6
"CLV_PCH_PRE_HAB","B1GQ","FI",2014,-0.8
"CLV_PCH_PRE_HAB","B1GQ","FR",2014,0.5
"CLV_PCH_PRE_HAB","B1GQ","HR",2014,0.3
"CLV_PCH_PRE_HAB","B1GQ","HU",2014,4.5
"CLV_PCH_PRE_HAB","B1GQ","IE",2014,7.8
"CLV_PCH_PRE_HAB","B1GQ","IS",2014,1
"CLV_PCH_PRE_HAB","B1GQ","IT",2014,-0.2
"CLV_PCH_PRE_HAB","B1GQ","LT",2014,4.4
"CLV_PCH_PRE_HAB","B1GQ","LU",2014,1.9
"CLV_PCH_PRE_HAB","B1GQ","LV",2014,2.9
"CLV_PCH_PRE_HAB","B1GQ","ME",2014,1.7
"CLV_PCH_PRE_HAB","B1GQ","MK",2014,3.5
"CLV_PCH_PRE_HAB","B1GQ","MT",2014,6.5
"CLV_PCH_PRE_HAB","B1GQ","NL",2014,1.1
"CLV_PCH_PRE_HAB","B1GQ","NO",2014,0.8
"CLV_PCH_PRE_HAB","B1GQ","PL",2014,3.4
"CLV_PCH_PRE_HAB","B1GQ","PT",2014,1.3
"CLV_PCH_PRE_HAB","B1GQ","RO",2014,3.8
"CLV_PCH_PRE_HAB","B1GQ","RS",2014,-1.1
"CLV_PCH_PRE_HAB","B1GQ","SE",2014,1.7
"CLV_PCH_PRE_HAB","B1GQ","SI",2014,2.7
"CLV_PCH_PRE_HAB","B1GQ","SK",2014,2.6
"CLV_PCH_PRE_HAB","B1GQ","TR",2014,3.8
"CLV_PCH_PRE_HAB","B1GQ","UK",2014,1.8
"CLV10_EUR_HAB","B1GQ","AL",2015,3410
"CLV10_EUR_HAB","B1GQ","AT",2015,36140
"CLV10_EUR_HAB","B1GQ","BE",2015,34200
"CLV10_EUR_HAB","B1GQ","BG",2015,5790
"CLV10_EUR_HAB","B1GQ","CH",2015,57840
"CLV10_EUR_HAB","B1GQ","CY",2015,21040
"CLV10_EUR_HAB","B1GQ","CZ",2015,16160
"CLV10_EUR_HAB","B1GQ","DE",2015,34220
"CLV10_EUR_HAB","B1GQ","DK",2015,45630
"CLV10_EUR_HAB","B1GQ","EA19",2015,29260
"CLV10_EUR_HAB","B1GQ","EE",2015,13330
"CLV10_EUR_HAB","B1GQ","EL",2015,17080
"CLV10_EUR_HAB","B1GQ","ES",2015,23080
"CLV10_EUR_HAB","B1GQ","EU28",2015,26640
"CLV10_EUR_HAB","B1GQ","FI",2015,34470
"CLV10_EUR_HAB","B1GQ","FR",2015,31540
"CLV10_EUR_HAB","B1GQ","HR",2015,10590
"CLV10_EUR_HAB","B1GQ","HU",2015,11130
"CLV10_EUR_HAB","B1GQ","IE",2015,49470
"CLV10_EUR_HAB","B1GQ","IS",2015,35890
"CLV10_EUR_HAB","B1GQ","IT",2015,25640
"CLV10_EUR_HAB","B1GQ","LT",2015,11590
"CLV10_EUR_HAB","B1GQ","LU",2015,81300
"CLV10_EUR_HAB","B1GQ","LV",2015,10740
"CLV10_EUR_HAB","B1GQ","ME",2015,5500
"CLV10_EUR_HAB","B1GQ","MK",2015,3870
"CLV10_EUR_HAB","B1GQ","MT",2015,19450
"CLV10_EUR_HAB","B1GQ","NL",2015,39170
"CLV10_EUR_HAB","B1GQ","NO",2015,67950
"CLV10_EUR_HAB","B1GQ","PL",2015,10920
"CLV10_EUR_HAB","B1GQ","PT",2015,16620
"CLV10_EUR_HAB","B1GQ","RO",2015,7330
"CLV10_EUR_HAB","B1GQ","RS",2015,4640
"CLV10_EUR_HAB","B1GQ","SE",2015,42430
"CLV10_EUR_HAB","B1GQ","SI",2015,17990
"CLV10_EUR_HAB","B1GQ","SK",2015,14270
"CLV10_EUR_HAB","B1GQ","TR",2015,10500
"CLV10_EUR_HAB","B1GQ","UK",2015,31700
"CLV_PCH_PRE_HAB","B1GQ","AL",2015,2.5
"CLV_PCH_PRE_HAB","B1GQ","AT",2015,0
"CLV_PCH_PRE_HAB","B1GQ","BE",2015,1.2
"CLV_PCH_PRE_HAB","B1GQ","BG",2015,4.7
"CLV_PCH_PRE_HAB","B1GQ","CH",2015,0.2
"CLV_PCH_PRE_HAB","B1GQ","CY",2015,4
"CLV_PCH_PRE_HAB","B1GQ","CZ",2015,5.1
"CLV_PCH_PRE_HAB","B1GQ","DE",2015,0.9
"CLV_PCH_PRE_HAB","B1GQ","DK",2015,1.6
"CLV_PCH_PRE_HAB","B1GQ","EA19",2015,1.8
"CLV_PCH_PRE_HAB","B1GQ","EE",2015,2
"CLV_PCH_PRE_HAB","B1GQ","EL",2015,0.2
"CLV_PCH_PRE_HAB","B1GQ","ES",2015,3.9
"CLV_PCH_PRE_HAB","B1GQ","EU28",2015,2
"CLV_PCH_PRE_HAB","B1GQ","FI",2015,0.2
"CLV_PCH_PRE_HAB","B1GQ","FR",2015,0.7
"CLV_PCH_PRE_HAB","B1GQ","HR",2015,2.9
"CLV_PCH_PRE_HAB","B1GQ","HU",2015,4.1
"CLV_PCH_PRE_HAB","B1GQ","IE",2015,24
"CLV_PCH_PRE_HAB","B1GQ","IS",2015,3.7
"CLV_PCH_PRE_HAB","B1GQ","IT",2015,0.9
"CLV_PCH_PRE_HAB","B1GQ","LT",2015,3
"CLV_PCH_PRE_HAB","B1GQ","LU",2015,2.3
"CLV_PCH_PRE_HAB","B1GQ","LV",2015,4.1
"CLV_PCH_PRE_HAB","B1GQ","ME",2015,3.3
"CLV_PCH_PRE_HAB","B1GQ","MK",2015,3.7
"CLV_PCH_PRE_HAB","B1GQ","MT",2015,8.2
"CLV_PCH_PRE_HAB","B1GQ","NL",2015,1.5
"CLV_PCH_PRE_HAB","B1GQ","NO",2015,0.9
"CLV_PCH_PRE_HAB","B1GQ","PL",2015,3.9
"CLV_PCH_PRE_HAB","B1GQ","PT",2015,2.2
"CLV_PCH_PRE_HAB","B1GQ","RO",2015,4.4
"CLV_PCH_PRE_HAB","B1GQ","RS",2015,2.3
"CLV_PCH_PRE_HAB","B1GQ","SE",2015,3.3
"CLV_PCH_PRE_HAB","B1GQ","SI",2015,2.1
"CLV_PCH_PRE_HAB","B1GQ","SK",2015,4.7
"CLV_PCH_PRE_HAB","B1GQ","TR",2015,4.7
"CLV_PCH_PRE_HAB","B1GQ","UK",2015,1.5
"CLV10_EUR_HAB","B1GQ","AL",2016,3530
"CLV10_EUR_HAB","B1GQ","AT",2016,36430
"CLV10_EUR_HAB","B1GQ","BE",2016,34500
"CLV10_EUR_HAB","B1GQ","BG",2016,6050
"CLV10_EUR_HAB","B1GQ","CH",2016,58200
"CLV10_EUR_HAB","B1GQ","CY",2016,22360
"CLV10_EUR_HAB","B1GQ","CZ",2016,16520
"CLV10_EUR_HAB","B1GQ","DE",2016,34700
"CLV10_EUR_HAB","B1GQ","DK",2016,46340
"CLV10_EUR_HAB","B1GQ","EA19",2016,29720
"CLV10_EUR_HAB","B1GQ","EE",2016,13650
"CLV10_EUR_HAB","B1GQ","EL",2016,17110
"CLV10_EUR_HAB","B1GQ","ES",2016,23760
"CLV10_EUR_HAB","B1GQ","EU28",2016,27090
"CLV10_EUR_HAB","B1GQ","FI",2016,35280
"CLV10_EUR_HAB","B1GQ","FR",2016,31770
"CLV10_EUR_HAB","B1GQ","HR",2016,11060
"CLV10_EUR_HAB","B1GQ","HU",2016,11410
"CLV10_EUR_HAB","B1GQ","IE",2016,50710
"CLV10_EUR_HAB","B1GQ","IS",2016,37750
"CLV10_EUR_HAB","B1GQ","IT",2016,26010
"CLV10_EUR_HAB","B1GQ","LT",2016,12040
"CLV10_EUR_HAB","B1GQ","LU",2016,82880
"CLV10_EUR_HAB","B1GQ","LV",2016,11030
"CLV10_EUR_HAB","B1GQ","ME",2016,5660
"CLV10_EUR_HAB","B1GQ","MK",2016,3980
"CLV10_EUR_HAB","B1GQ","MT",2016,20090
"CLV10_EUR_HAB","B1GQ","NL",2016,39810
"CLV10_EUR_HAB","B1GQ","NO",2016,68090
"CLV10_EUR_HAB","B1GQ","PL",2016,11260
"CLV10_EUR_HAB","B1GQ","PT",2016,17010
"CLV10_EUR_HAB","B1GQ","RO",2016,7720
"CLV10_EUR_HAB","B1GQ","RS",2016,4820
"CLV10_EUR_HAB","B1GQ","SE",2016,42910
"CLV10_EUR_HAB","B1GQ","SI",2016,18540
"CLV10_EUR_HAB","B1GQ","SK",2016,14550
"CLV10_EUR_HAB","B1GQ","TR",2016,10700
"CLV10_EUR_HAB","B1GQ","UK",2016,32050
"CLV_PCH_PRE_HAB","B1GQ","AL",2016,3.5
"CLV_PCH_PRE_HAB","B1GQ","AT",2016,0.8
"CLV_PCH_PRE_HAB","B1GQ","BE",2016,0.9
"CLV_PCH_PRE_HAB","B1GQ","BG",2016,4.5
"CLV_PCH_PRE_HAB","B1GQ","CH",2016,0.6
"CLV_PCH_PRE_HAB","B1GQ","CY",2016,6.3
"CLV_PCH_PRE_HAB","B1GQ","CZ",2016,2.2
"CLV_PCH_PRE_HAB","B1GQ","DE",2016,1.4
"CLV_PCH_PRE_HAB","B1GQ","DK",2016,1.6
"CLV_PCH_PRE_HAB","B1GQ","EA19",2016,1.6
"CLV_PCH_PRE_HAB","B1GQ","EE",2016,2.4
"CLV_PCH_PRE_HAB","B1GQ","EL",2016,0.2
"CLV_PCH_PRE_HAB","B1GQ","ES",2016,2.9
"CLV_PCH_PRE_HAB","B1GQ","EU28",2016,1.7
"CLV_PCH_PRE_HAB","B1GQ","FI",2016,2.4
"CLV_PCH_PRE_HAB","B1GQ","FR",2016,0.7
"CLV_PCH_PRE_HAB","B1GQ","HR",2016,4.4
"CLV_PCH_PRE_HAB","B1GQ","HU",2016,2.5
"CLV_PCH_PRE_HAB","B1GQ","IE",2016,2.5
"CLV_PCH_PRE_HAB","B1GQ","IS",2016,5.2
"CLV_PCH_PRE_HAB","B1GQ","IT",2016,1.5
"CLV_PCH_PRE_HAB","B1GQ","LT",2016,3.9
"CLV_PCH_PRE_HAB","B1GQ","LU",2016,1.9
"CLV_PCH_PRE_HAB","B1GQ","LV",2016,2.7
"CLV_PCH_PRE_HAB","B1GQ","ME",2016,2.9
"CLV_PCH_PRE_HAB","B1GQ","MK",2016,2.7
"CLV_PCH_PRE_HAB","B1GQ","MT",2016,3.3
"CLV_PCH_PRE_HAB","B1GQ","NL",2016,1.7
"CLV_PCH_PRE_HAB","B1GQ","NO",2016,0.2
"CLV_PCH_PRE_HAB","B1GQ","PL",2016,3.1
"CLV_PCH_PRE_HAB","B1GQ","PT",2016,2.3
"CLV_PCH_PRE_HAB","B1GQ","RO",2016,5.4
"CLV_PCH_PRE_HAB","B1GQ","RS",2016,3.9
"CLV_PCH_PRE_HAB","B1GQ","SE",2016,1.1
"CLV_PCH_PRE_HAB","B1GQ","SI",2016,3.1
"CLV_PCH_PRE_HAB","B1GQ","SK",2016,2
"CLV_PCH_PRE_HAB","B1GQ","TR",2016,1.8
"CLV_PCH_PRE_HAB","B1GQ","UK",2016,1.1
"CLV10_EUR_HAB","B1GQ","AL",2017,3670
"CLV10_EUR_HAB","B1GQ","AT",2017,37090
"CLV10_EUR_HAB","B1GQ","BE",2017,35000
"CLV10_EUR_HAB","B1GQ","BG",2017,6310
"CLV10_EUR_HAB","B1GQ","CH",2017,58700
"CLV10_EUR_HAB","B1GQ","CY",2017,23120
"CLV10_EUR_HAB","B1GQ","CZ",2017,17200
"CLV10_EUR_HAB","B1GQ","DE",2017,35420
"CLV10_EUR_HAB","B1GQ","DK",2017,47070
"CLV10_EUR_HAB","B1GQ","EA19",2017,30410
"CLV10_EUR_HAB","B1GQ","EE",2017,14440
"CLV10_EUR_HAB","B1GQ","EL",2017,17410
"CLV10_EUR_HAB","B1GQ","ES",2017,24410
"CLV10_EUR_HAB","B1GQ","EU28",2017,27720
"CLV10_EUR_HAB","B1GQ","FI",2017,36270
"CLV10_EUR_HAB","B1GQ","FR",2017,32370
"CLV10_EUR_HAB","B1GQ","HR",2017,11480
"CLV10_EUR_HAB","B1GQ","HU",2017,11930
"CLV10_EUR_HAB","B1GQ","IE",2017,54240
"CLV10_EUR_HAB","B1GQ","IS",2017,38490
"CLV10_EUR_HAB","B1GQ","IT",2017,26500
"CLV10_EUR_HAB","B1GQ","LT",2017,12720
"CLV10_EUR_HAB","B1GQ","LU",2017,82550
"CLV10_EUR_HAB","B1GQ","LV",2017,11560
"CLV10_EUR_HAB","B1GQ","ME",2017,5920
"CLV10_EUR_HAB","B1GQ","MT",2017,20850
"CLV10_EUR_HAB","B1GQ","NL",2017,40730
"CLV10_EUR_HAB","B1GQ","NO",2017,69130
"CLV10_EUR_HAB","B1GQ","PL",2017,11820
"CLV10_EUR_HAB","B1GQ","PT",2017,17650
"CLV10_EUR_HAB","B1GQ","RO",2017,8320
"CLV10_EUR_HAB","B1GQ","RS",2017,4950
"CLV10_EUR_HAB","B1GQ","SE",2017,43350
"CLV10_EUR_HAB","B1GQ","SI",2017,19430
"CLV10_EUR_HAB","B1GQ","SK",2017,14970
"CLV10_EUR_HAB","B1GQ","TR",2017,11300
"CLV10_EUR_HAB","B1GQ","UK",2017,32460
"CLV_PCH_PRE_HAB","B1GQ","AL",2017,3.9
"CLV_PCH_PRE_HAB","B1GQ","AT",2017,1.8
"CLV_PCH_PRE_HAB","B1GQ","BE",2017,1.3
"CLV_PCH_PRE_HAB","B1GQ","BG",2017,4.3
"CLV_PCH_PRE_HAB","B1GQ","CH",2017,0.9
"CLV_PCH_PRE_HAB","B1GQ","CY",2017,3.4
"CLV_PCH_PRE_HAB","B1GQ","CZ",2017,4.1
"CLV_PCH_PRE_HAB","B1GQ","DE",2017,2.1
"CLV_PCH_PRE_HAB","B1GQ","DK",2017,1.6
"CLV_PCH_PRE_HAB","B1GQ","EA19",2017,2.3
"CLV_PCH_PRE_HAB","B1GQ","EE",2017,5.8
"CLV_PCH_PRE_HAB","B1GQ","EL",2017,1.7
"CLV_PCH_PRE_HAB","B1GQ","ES",2017,2.7
"CLV_PCH_PRE_HAB","B1GQ","EU28",2017,2.3
"CLV_PCH_PRE_HAB","B1GQ","FI",2017,2.8
"CLV_PCH_PRE_HAB","B1GQ","FR",2017,1.9
"CLV_PCH_PRE_HAB","B1GQ","HR",2017,3.8
"CLV_PCH_PRE_HAB","B1GQ","HU",2017,4.6
"CLV_PCH_PRE_HAB","B1GQ","IE",2017,6.9
"CLV_PCH_PRE_HAB","B1GQ","IS",2017,2
"CLV_PCH_PRE_HAB","B1GQ","IT",2017,1.9
"CLV_PCH_PRE_HAB","B1GQ","LT",2017,5.7
"CLV_PCH_PRE_HAB","B1GQ","LU",2017,-0.4
"CLV_PCH_PRE_HAB","B1GQ","LV",2017,4.8
"CLV_PCH_PRE_HAB","B1GQ","ME",2017,4.7
"CLV_PCH_PRE_HAB","B1GQ","MT",2017,3.8
"CLV_PCH_PRE_HAB","B1GQ","NL",2017,2.3
"CLV_PCH_PRE_HAB","B1GQ","NO",2017,1.5
"CLV_PCH_PRE_HAB","B1GQ","PL",2017,5
"CLV_PCH_PRE_HAB","B1GQ","PT",2017,3.8
"CLV_PCH_PRE_HAB","B1GQ","RO",2017,7.7
"CLV_PCH_PRE_HAB","B1GQ","RS",2017,2.6
"CLV_PCH_PRE_HAB","B1GQ","SE",2017,1
"CLV_PCH_PRE_HAB","B1GQ","SI",2017,4.8
"CLV_PCH_PRE_HAB","B1GQ","SK",2017,2.9
"CLV_PCH_PRE_HAB","B1GQ","TR",2017,6.1
"CLV_PCH_PRE_HAB","B1GQ","UK",2017,1.3
"CLV10_EUR_HAB","B1GQ","AT",2018,37810
"CLV10_EUR_HAB","B1GQ","BE",2018,35300
"CLV10_EUR_HAB","B1GQ","BG",2018,6550
"CLV10_EUR_HAB","B1GQ","CH",2018,59870
"CLV10_EUR_HAB","B1GQ","CY",2018,23770
"CLV10_EUR_HAB","B1GQ","CZ",2018,17640
"CLV10_EUR_HAB","B1GQ","DE",2018,35860
"CLV10_EUR_HAB","B1GQ","DK",2018,47550
"CLV10_EUR_HAB","B1GQ","EA19",2018,30930
"CLV10_EUR_HAB","B1GQ","EE",2018,15090
"CLV10_EUR_HAB","B1GQ","EL",2018,17790
"CLV10_EUR_HAB","B1GQ","ES",2018,24880
"CLV10_EUR_HAB","B1GQ","EU28",2018,28210
"CLV10_EUR_HAB","B1GQ","FI",2018,36820
"CLV10_EUR_HAB","B1GQ","FR",2018,32830
"CLV10_EUR_HAB","B1GQ","HR",2018,11920
"CLV10_EUR_HAB","B1GQ","HU",2018,12560
"CLV10_EUR_HAB","B1GQ","IE",2018,57960
"CLV10_EUR_HAB","B1GQ","IS",2018,39280
"CLV10_EUR_HAB","B1GQ","IT",2018,26760
"CLV10_EUR_HAB","B1GQ","LT",2018,13310
"CLV10_EUR_HAB","B1GQ","LU",2018,83470
"CLV10_EUR_HAB","B1GQ","LV",2018,12190
"CLV10_EUR_HAB","B1GQ","ME",2018,6230
"CLV10_EUR_HAB","B1GQ","MT",2018,21630
"CLV10_EUR_HAB","B1GQ","NL",2018,41540
"CLV10_EUR_HAB","B1GQ","NO",2018,69530
"CLV10_EUR_HAB","B1GQ","PL",2018,12430
"CLV10_EUR_HAB","B1GQ","PT",2018,18110
"CLV10_EUR_HAB","B1GQ","RO",2018,8700
"CLV10_EUR_HAB","B1GQ","RS",2018,5190
"CLV10_EUR_HAB","B1GQ","SE",2018,43850
"CLV10_EUR_HAB","B1GQ","SI",2018,20170
"CLV10_EUR_HAB","B1GQ","SK",2018,15560
"CLV10_EUR_HAB","B1GQ","TR",2018,11500
"CLV10_EUR_HAB","B1GQ","UK",2018,32710
"CLV_PCH_PRE_HAB","B1GQ","AT",2018,1.9
"CLV_PCH_PRE_HAB","B1GQ","BE",2018,0.9
"CLV_PCH_PRE_HAB","B1GQ","BG",2018,3.8
"CLV_PCH_PRE_HAB","B1GQ","CH",2018,2
"CLV_PCH_PRE_HAB","B1GQ","CY",2018,2.8
"CLV_PCH_PRE_HAB","B1GQ","CZ",2018,2.6
"CLV_PCH_PRE_HAB","B1GQ","DE",2018,1.2
"CLV_PCH_PRE_HAB","B1GQ","DK",2018,1
"CLV_PCH_PRE_HAB","B1GQ","EA19",2018,1.7
"CLV_PCH_PRE_HAB","B1GQ","EE",2018,4.5
"CLV_PCH_PRE_HAB","B1GQ","EL",2018,2.2
"CLV_PCH_PRE_HAB","B1GQ","ES",2018,1.9
"CLV_PCH_PRE_HAB","B1GQ","EU28",2018,1.8
"CLV_PCH_PRE_HAB","B1GQ","FI",2018,1.5
"CLV_PCH_PRE_HAB","B1GQ","FR",2018,1.4
"CLV_PCH_PRE_HAB","B1GQ","HR",2018,3.8
"CLV_PCH_PRE_HAB","B1GQ","HU",2018,5.2
"CLV_PCH_PRE_HAB","B1GQ","IE",2018,6.9
"CLV_PCH_PRE_HAB","B1GQ","IS",2018,2.1
"CLV_PCH_PRE_HAB","B1GQ","IT",2018,1
"CLV_PCH_PRE_HAB","B1GQ","LT",2018,4.6
"CLV_PCH_PRE_HAB","B1GQ","LU",2018,1.1
"CLV_PCH_PRE_HAB","B1GQ","LV",2018,5.5
"CLV_PCH_PRE_HAB","B1GQ","ME",2018,5.1
"CLV_PCH_PRE_HAB","B1GQ","MT",2018,3.8
"CLV_PCH_PRE_HAB","B1GQ","NL",2018,2
"CLV_PCH_PRE_HAB","B1GQ","NO",2018,0.6
"CLV_PCH_PRE_HAB","B1GQ","PL",2018,5.2
"CLV_PCH_PRE_HAB","B1GQ","PT",2018,2.6
"CLV_PCH_PRE_HAB","B1GQ","RO",2018,4.6
"CLV_PCH_PRE_HAB","B1GQ","RS",2018,5
"CLV_PCH_PRE_HAB","B1GQ","SE",2018,1.1
"CLV_PCH_PRE_HAB","B1GQ","SI",2018,3.8
"CLV_PCH_PRE_HAB","B1GQ","SK",2018,3.9
"CLV_PCH_PRE_HAB","B1GQ","TR",2018,1.4
"CLV_PCH_PRE_HAB","B1GQ","UK",2018,0.8
